,_id,dataset_material,band_gap_value,to_strata
0,P_P141N1_dd6a5668-efc9-4f4c-aee8-ac3472eaf09f,high_P,0.9622500000000009,P_0.02083
1,P_P141N1_2a285334-f6b0-498c-bb4a-788bfd4af4a6,high_P,0.8405500000000004,P_0.02083
2,P_P141_83ddad39-bb28-4896-93f3-a97b8664304f,high_P,0.5803499999999993,P_0.02083
3,P_P141N1_64f2c31f-7207-4897-9877-60187bcb87d4,high_P,0.8497500000000002,P_0.02083
4,P_P141N1_af730d2e-7790-46db-8751-75e46bf49b68,high_P,0.598749999999999,P_0.02083
5,P_P141N1_2ba80edc-221d-4ee2-8fcd-e1841b61edd9,high_P,0.781600000000001,P_0.02083
6,P_P141_d0a3022b-819b-40a6-a751-95a842e0b766,high_P,0.8168999999999986,P_0.02083
7,P_P141N3_36cf2937-a12b-44cc-8666-c2b40897a308,high_P,0.9693000000000005,P_0.02083
8,P_P141N3_fc942ccc-3244-4a56-ad44-d8387123e395,high_P,0.9741999999999997,P_0.02083
9,P_P141N2_24cbcb02-7eee-4a28-a1ef-54efe7f6deec,high_P,0.8742999999999981,P_0.02083
10,P_P141N1_a2518086-01e9-4fcf-aed5-1a87ef7bf64c,high_P,0.8933999999999997,P_0.02083
11,P_P141N3_a1bea3f0-e862-4a09-9a87-9fc5ce376097,high_P,0.5686,P_0.02083
12,P_P141N1_2234ee2a-46f8-4f6b-9f5c-8bedf7031556,high_P,0.5164000000000009,P_0.02083
13,P_P141N3_d8496443-e7b8-4f5d-8e57-88eb1fbe38ff,high_P,0.9682999999999993,P_0.02083
14,P_P141N1_76942033-f334-4500-8066-bd98863415b8,high_P,0.8346000000000018,P_0.02083
15,P_P141N1_3403a2e7-4573-4feb-8789-743249e131e6,high_P,0.8227499999999992,P_0.02083
16,P_P141_3316d674-3142-4744-aacb-4bbd4ff46387,high_P,0.89405,P_0.02083
17,P_P141N2_bbde927d-2e5a-42ea-894b-640c5eb8fe1d,high_P,0.8017000000000003,P_0.02083
18,P_P141N1_25d8f6eb-aebf-4169-b4c4-c0bdd88c8e08,high_P,0.8994500000000016,P_0.02083
19,P_P141N1_25980aaa-7c92-4283-b0ee-c686066ea476,high_P,0.49520000000000053,P_0.02083
20,P_P141_aa34213d-bce4-49ff-a97c-73d3daec8ffc,high_P,0.6008999999999993,P_0.02083
21,P_P141N2_25422909-d4d5-41c2-be6f-33292b1cfc51,high_P,0.9863,P_0.02083
22,P_P141N1_e061f29c-4ea8-4686-b353-b7a55664072b,high_P,0.6698999999999984,P_0.02083
23,P_P141N2_04a33e23-f383-47b2-b718-95ea4993e1f6,high_P,0.8469499999999996,P_0.02083
24,P_P141N2_d8ba1f38-49bb-4586-bf30-fa7ece740f3b,high_P,0.8619000000000021,P_0.02083
25,P_P141N1_0f9605a1-adb2-4cab-a10d-a3da9f6a6ef4,high_P,0.8744000000000014,P_0.02083
26,P_P141N1_25e974fc-6710-4e7b-9e9b-a454cfbc0662,high_P,0.6077000000000012,P_0.02083
27,P_P141_83d49210-0207-4b38-a572-a8a582451342,high_P,0.4806500000000007,P_0.02083
28,P_P141N1_83df32c2-423d-4073-872b-6937e8570b22,high_P,0.6407999999999987,P_0.02083
29,P_P141N1_c26dc204-fc9b-4cf9-bcf3-43030fc26fdb,high_P,0.7566999999999986,P_0.02083
30,P_P141N1_3d43e175-248f-4b7f-b29f-8ef2d334a78b,high_P,0.9882000000000026,P_0.02083
31,P_P141N1_2a5c238a-f320-4c80-a986-95192dc44d0e,high_P,1.0396999999999998,P_0.02083
32,P_P141N1_01bbc325-f6d9-4b60-aff4-5922339c9f86,high_P,0.8925999999999981,P_0.02083
33,P_P141N1_96995dae-53f3-4495-a5e5-328dcb677907,high_P,0.9101500000000016,P_0.02083
34,P_P141N1_662448b0-f7fc-407d-904b-487019da347d,high_P,0.2806999999999995,P_0.02083
35,P_P141N1_d4622668-2c1a-46f9-b5c5-0d35dbb840a2,high_P,0.7955499999999986,P_0.02083
36,P_P141N1_611c9cde-fd59-4457-848e-f1a2839856c6,high_P,0.8085500000000003,P_0.02083
37,P_P141N1_5b070561-0a88-4c46-9f0e-27ae72550efc,high_P,0.9727999999999994,P_0.02083
38,P_P141N3_9d5b58ce-71cd-4d2d-94e6-30695815819b,high_P,0.9621000000000031,P_0.02083
39,P_P141N1_83e22768-a32d-4dfd-b6d4-d36d944578e2,high_P,0.9250000000000007,P_0.02083
40,P_P141N1_b24b667b-7856-42ba-8225-6489a3efe6f2,high_P,0.8655499999999989,P_0.02083
41,P_P141N1_c235f70d-9130-48b0-a8b8-0f86e06d25fc,high_P,0.8738500000000009,P_0.02083
42,P_P141N2_880186a1-64fe-48b6-b506-bfe2f2f1b364,high_P,0.8716499999999989,P_0.02083
43,P_P141N1_335774b0-1fb6-4a37-8514-fb4b89b7d8f7,high_P,0.8862500000000004,P_0.02083
44,P_P141N2_bc3aa07a-bc1b-41f5-944f-e64ef3d18307,high_P,0.984099999999998,P_0.02083
45,P_P141N1_cb33545b-b49e-4146-a875-355a485da47b,high_P,0.8750499999999981,P_0.02083
46,P_P141N3_9c81ac6e-5f07-49f4-8cab-2f62f253f177,high_P,0.9639000000000024,P_0.02083
47,P_P141_ba5ccc1f-20c4-4f60-8eee-3d7536c3f3d2,high_P,0.9281500000000005,P_0.02083
48,P_P141N2_5f8e17bc-97e0-4872-8b06-98007f420613,high_P,0.9652999999999992,P_0.02083
49,P_P141N3_e17eb7ad-6a10-43c1-b2e1-9542879863e7,high_P,0.9701999999999984,P_0.02083
50,P_P141_ca1f2bf6-6047-42a7-8ed6-287e8e33ea17,high_P,0.8701500000000006,P_0.02083
51,P_P141N2_f8206bfb-ea13-472f-bc5a-e614528efe52,high_P,0.8039000000000023,P_0.02083
52,P_P141N1_61d9a91f-1003-49e6-8021-c94337b2ac08,high_P,0.36439999999999984,P_0.02083
53,P_P141N1_109c9551-eb9e-47b7-aa59-68e89709a432,high_P,0.8787500000000001,P_0.02083
54,P_P141N2_2bcc3573-eaa5-4efd-aff2-2e23e9e0712f,high_P,0.8700999999999972,P_0.02083
55,P_P141N2_7d49fea3-c63c-4448-bfbd-4ec14fb288e9,high_P,0.3183000000000007,P_0.02083
56,P_P141N3_031d7f98-cafb-4c11-a8c8-4f6b5627e515,high_P,0.9689000000000014,P_0.02083
57,P_P141N2_14c141e4-b42a-493f-a636-8ab7ac395859,high_P,0.8659999999999997,P_0.02083
58,P_P141N3_59dd99bf-b3b9-4448-8b93-4f3453089860,high_P,0.8005999999999993,P_0.02083
59,P_P141N2_c32970f1-4e5a-41ad-99fa-7b438791d6a6,high_P,0.8608499999999992,P_0.02083
60,P_P141_0315a297-d591-4160-9fd0-637aadf4ffb1,high_P,0.7437499999999986,P_0.02083
61,P_P141N2_e43de1b1-88a6-41e1-815c-5f73d89009e9,high_P,0.8842500000000015,P_0.02083
62,P_P141_00cb58bb-9519-47f8-ae57-cfbf5af07806,high_P,0.5076499999999999,P_0.02083
63,P_P141N1_f7a69d73-2e7b-49df-8524-162f1099b656,high_P,0.6205999999999996,P_0.02083
64,P_P141N1_1af2b028-736b-48ca-87f2-5c752d827d08,high_P,0.8693000000000026,P_0.02083
65,P_P141N3_d93cbdf7-bf6d-4cab-90cd-f96e43732b07,high_P,0.9714999999999989,P_0.02083
66,P_P141N1_a8b4323a-d54e-49a6-a0bc-553a46cb3529,high_P,0.6610999999999976,P_0.02083
67,P_P141N1_aad91e07-a830-46a9-b029-f4631bbc21aa,high_P,0.8711999999999982,P_0.02083
68,P_P141N1_eb47fe64-efcc-49f9-b48e-f16d526947e6,high_P,0.8404500000000006,P_0.02083
69,P_P141N2_2ea7bdd4-233f-4fac-bca7-25de4cc0ba19,high_P,0.8982500000000009,P_0.02083
70,P_P141N2_e2c8d392-c69d-4805-bcb6-f4329e5d3569,high_P,0.9867000000000026,P_0.02083
71,P_P141N1_75f54b62-04bb-4b0b-8b9a-93b7bd83349f,high_P,0.5612999999999992,P_0.02083
72,P_P141N2_9010bbf5-7deb-4e2c-aa1b-4501660eb72c,high_P,0.9823500000000003,P_0.02083
73,P_P141N1_f7df6470-19d5-4760-9456-203d83217874,high_P,0.8724500000000006,P_0.02083
74,P_P141N2_574c0e5c-061c-473f-bfcb-58b534d4c04b,high_P,0.8606000000000016,P_0.02083
75,P_P141N2_368bbf9c-11a7-4a8d-a6d1-f28cb59c5f7a,high_P,0.9934000000000012,P_0.02083
76,P_P141N1_3a92e1e4-1bff-4be5-b1ca-44fc78809e56,high_P,0.8362999999999978,P_0.02083
77,P_P141N1_fbf1d7b8-dd1d-4f2f-8aff-7fd912b6f38f,high_P,0.8871499999999983,P_0.02083
78,P_P141N2_ec4f42b1-4dda-49e5-bd0e-a29a817f844a,high_P,0.8465500000000006,P_0.02083
79,P_P141N1_f0b75ece-03f7-46c2-8bc0-1973294e096d,high_P,1.0383999999999993,P_0.02083
80,P_P141_920f0c10-adc7-45fb-ab06-c91e7cd5fb8d,high_P,0.6070000000000011,P_0.02083
81,P_P141N2_1129b1b9-35c9-487c-8451-3ba62e8a4a28,high_P,0.8462999999999994,P_0.02083
82,P_P141N3_37434475-2e73-44f5-9518-bc7f77d1301c,high_P,0.9695999999999998,P_0.02083
83,P_P141N1_58ab206a-fb55-47e7-9b8f-9c0b53556a57,high_P,0.9491000000000014,P_0.02083
84,P_P141_129d1ff8-bfb4-4873-989c-36a5e8cbe7ae,high_P,0.8077500000000004,P_0.02083
85,P_P141_9bd13c7e-f976-4a03-b23e-4c8e3ef39a40,high_P,0.4938500000000001,P_0.02083
86,P_P141N1_801ae4a4-5b4a-4480-bf01-dbe9c0f9df3b,high_P,0.8624000000000009,P_0.02083
87,P_P141N1_b3c76831-5b66-4cc1-9b39-9529c0600544,high_P,1.0076999999999998,P_0.02083
88,P_P141N2_edb082e6-7c36-490f-890b-dcebdfc8fd01,high_P,0.8100999999999985,P_0.02083
89,P_P141N2_bd3707fd-126e-42aa-81d6-dc4f1c33bd4c,high_P,0.9832999999999998,P_0.02083
90,P_P141N1_b77b754c-44b4-4ed4-b9db-93b14660f000,high_P,0.3571499999999972,P_0.02083
91,P_P141N2_f5146c04-9fdb-48e6-9e68-25fc39298d70,high_P,0.8693999999999988,P_0.02083
92,P_P141_fdacad83-a78b-4e2f-ae92-30991b6ba411,high_P,0.9131,P_0.02083
93,P_P141N1_163caa61-5499-4b25-8340-fda78dde7860,high_P,0.8615999999999993,P_0.02083
94,P_P141N2_55cbbf86-9018-4610-8abd-8dc6ba7cfb25,high_P,0.466899999999999,P_0.02083
95,P_P141_6ddd5566-3820-4345-b25c-658be93f7d0c,high_P,0.8938000000000006,P_0.02083
96,P_P141N3_0cb3f035-4edc-490f-8308-24a5eea2a82f,high_P,0.9493000000000009,P_0.02083
97,P_P141N2_dea913b7-a19a-4708-9e9b-c6d71423f991,high_P,0.986699999999999,P_0.02083
98,P_P141N2_8bc5b068-9187-49d0-b1c1-ef962f5a249e,high_P,0.8741000000000021,P_0.02083
99,P_P141N1_a8b6294f-6248-467b-a074-023f9c77ae15,high_P,0.6429000000000009,P_0.02083
100,P_P137N2_bc68362b-2933-4b83-a16f-e13db07be34f,high_P,0.8152499999999989,P_0.04861
101,P_P137N4_b958fce9-f0b8-4819-b85f-eeb4809514a1,high_P,0.5109499999999976,P_0.04861
102,P_P137N3_3bf7bdab-9467-4eba-9d3e-dcc4aec17939,high_P,0.7202999999999982,P_0.04861
103,P_P137N5_0358e850-b83f-49ba-84d0-83a60cfc53c0,high_P,0.5841999999999992,P_0.04861
104,P_P137N3_b0770001-393a-4760-82d3-3e2a703933ec,high_P,0.5590500000000027,P_0.04861
105,P_P137N5_415e74c5-4995-4a68-a6a9-0a5cecb41573,high_P,0.5617000000000019,P_0.04861
106,P_P137N5_a222418f-529e-48d7-a06b-d0dbfb5ce22c,high_P,0.6485000000000021,P_0.04861
107,P_P137N4_589fbb64-0896-4d7b-a7e1-ccdbd331d6b2,high_P,0.9231999999999978,P_0.04861
108,P_P137N5_6fc85a7c-d8ff-4e0c-b1d8-287d3ef7dcde,high_P,0.878499999999999,P_0.04861
109,P_P137N5_06e656eb-7795-4fda-9d25-007c19b32527,high_P,0.9283999999999999,P_0.04861
110,P_P137N4_b6921c41-11fa-4638-a0f7-d20281b453ba,high_P,0.5268999999999977,P_0.04861
111,P_P137N4_fc5ec95a-5e62-430b-9f2d-b31bf504f60d,high_P,0.5982500000000002,P_0.04861
112,P_P137N3_b5d74288-e5c7-4ddd-8244-52ce98f90fe9,high_P,0.9061499999999967,P_0.04861
113,P_P137N5_70e7b9d7-547e-4074-8308-96d3210ddaee,high_P,0.4004000000000012,P_0.04861
114,P_P137N4_6112b49f-2026-4ddf-ab15-6deb6596ec9c,high_P,0.9590500000000013,P_0.04861
115,P_P137N5_006f3989-8249-47a3-b0a1-cfce4bb48923,high_P,0.6362500000000004,P_0.04861
116,P_P137N4_25cebdb4-20bd-4196-9cbc-1a0232f91e58,high_P,0.914550000000002,P_0.04861
117,P_P137N4_78d06775-b86b-457c-a6a6-4c0fb52c0c00,high_P,0.7363999999999997,P_0.04861
118,P_P137N3_ef7c3940-76bf-4340-8c6f-62bbf3ab9969,high_P,0.588199999999997,P_0.04861
119,P_P137N1_8d9efecc-9986-4799-a3a6-17f1cb926346,high_P,0.6132000000000026,P_0.04861
120,P_P137N3_593706db-4f9f-4acc-b2e0-9c2fb11b498f,high_P,0.3355499999999978,P_0.04861
121,P_P137N2_4120326e-e6e5-44e8-8fde-ce97713d0792,high_P,0.8555500000000009,P_0.04861
122,P_P137N3_b6a1be42-2896-4599-abf6-f1447c852b9a,high_P,1.0304000000000002,P_0.04861
123,P_P137N5_bbf5bad7-0099-4585-b8ee-adecb0c032e9,high_P,0.8941000000000017,P_0.04861
124,P_P137N7_fb85ca31-7916-4501-80dc-bb6113a97ae1,high_P,0.9688999999999979,P_0.04861
125,P_P137N5_36c19875-7d34-443a-8891-089717d0a176,high_P,0.9008999999999965,P_0.04861
126,P_P137N4_605910e6-9b1a-48a5-9eea-ecc820799a67,high_P,0.7414000000000023,P_0.04861
127,P_P137N2_c936beff-ae7b-4ee9-9b38-1d7d0702ae01,high_P,0.8373999999999988,P_0.04861
128,P_P137N4_dd09ae5b-5741-427f-9f2f-06c66aea79d6,high_P,0.9367500000000035,P_0.04861
129,P_P137N5_ae9ec94c-b37c-4051-b67d-a45e48fef13a,high_P,0.7987499999999983,P_0.04861
130,P_P137N5_cc69cc56-5c43-41a4-aa3e-40a43b7f7bcf,high_P,0.9054500000000019,P_0.04861
131,P_P137N3_d2806710-f20c-4508-967a-e760a2350b5e,high_P,0.47109999999999985,P_0.04861
132,P_P137N3_99e88140-31cf-42ed-96cf-4e5c744f9f6a,high_P,0.285499999999999,P_0.04861
133,P_P137N3_5d7a9374-4632-43f3-b5e8-a64872e7c817,high_P,0.9698000000000029,P_0.04861
134,P_P137N5_4d202fbd-a289-4234-a0e7-9a54f3680bd8,high_P,0.9420999999999999,P_0.04861
135,P_P137N3_d8bb5ac7-d807-4f2b-88f6-8b171bfe8850,high_P,0.708000000000002,P_0.04861
136,P_P137N4_24b7ffaf-f846-45f9-a439-b45195323ccf,high_P,1.0028000000000006,P_0.04861
137,P_P137N3_d847b49d-2b80-4052-9553-7a73cc0deb9c,high_P,0.38644999999999996,P_0.04861
138,P_P137N4_75682765-03e7-4858-9f32-c42202c85a99,high_P,0.5911000000000008,P_0.04861
139,P_P137N5_2196bc90-7bd5-4062-a293-039358e543ee,high_P,0.2806999999999995,P_0.04861
140,P_P137N4_3dcead56-4e5a-4b78-8f89-10193b208b2d,high_P,0.40919999999999845,P_0.04861
141,P_P137N2_dce522f0-e6d7-4f11-9ff1-0b62a1b39346,high_P,0.8587500000000006,P_0.04861
142,P_P137N4_eb6b3e67-dea4-41f9-b13e-79dfa9f5300a,high_P,0.6968499999999977,P_0.04861
143,P_P137N2_0614bca2-4112-4136-9c58-c168ef04c53b,high_P,0.4245000000000019,P_0.04861
144,P_P137N1_fb22dc6d-9420-4205-a6a5-244e4c826407,high_P,0.22329999999999828,P_0.04861
145,P_P137N5_40d7c9d1-4f37-4b6b-95cc-ee6219367db3,high_P,0.8737500000000011,P_0.04861
146,P_P137N4_aba1f3cb-7561-48ab-a680-955dadd8aff4,high_P,0.5652000000000008,P_0.04861
147,P_P137N4_87fc71c1-163c-4860-ad4d-f8deb6aa2bdf,high_P,0.7275999999999989,P_0.04861
148,P_P137N3_e4f575e6-b42d-4564-81db-8f036f87fa9e,high_P,0.9699999999999989,P_0.04861
149,P_P137N2_4a1dfd64-7e9d-499a-acd5-a778c137fb55,high_P,0.6999000000000031,P_0.04861
150,P_P137N2_6907ea49-0e60-4841-b013-5894e34bf88a,high_P,0.8285000000000018,P_0.04861
151,P_P137N3_58779a3f-bd47-4dc3-8ca1-4e7b8b93f58c,high_P,0.46270000000000167,P_0.04861
152,P_P137N4_3904a9b6-3627-4562-8220-8af78f431b6c,high_P,0.9703499999999998,P_0.04861
153,P_P137N2_57c8cd82-a352-42c5-bdff-8d5b28abd541,high_P,0.5476000000000028,P_0.04861
154,P_P137N4_45d7c27d-f7cb-443f-93fd-622d98716a8c,high_P,0.530149999999999,P_0.04861
155,P_P137_065287f6-9bbd-4c7b-82fc-e71e90df7a1c,high_P,0.6194000000000006,P_0.04861
156,P_P137N4_fdfb3e17-3c2f-46aa-acba-6e3ccfba43d6,high_P,0.18540000000000134,P_0.04861
157,P_P137N5_5c3d78bd-e423-4753-88da-7d86f4e1b1aa,high_P,0.8199000000000005,P_0.04861
158,P_P137N5_a5a1a6a1-16ea-4918-9a4d-e1c39b75bf01,high_P,0.8432500000000012,P_0.04861
159,P_P137N6_8d6dd065-c6f1-4c88-9757-99a0a9cebae4,high_P,1.000899999999998,P_0.04861
160,P_P137N2_aad53440-3b76-426e-86f1-2236f98d3e43,high_P,0.94435,P_0.04861
161,P_P137N4_6fc50b2e-fc19-445d-b736-23c9c1ca2981,high_P,0.8053500000000007,P_0.04861
162,P_P137N3_f7a7fe1e-05bb-4b37-a4e0-94578dbdf508,high_P,0.7463499999999996,P_0.04861
163,P_P137N6_12e00639-d302-4525-be7c-02ffadbf43d7,high_P,0.9100999999999999,P_0.04861
164,P_P137N2_4d8c34c3-2ad8-4ebf-916a-14524e61569d,high_P,0.9886499999999998,P_0.04861
165,P_P137N4_79b6ab5c-3014-4971-9b96-aba26c1aeb85,high_P,0.6601999999999997,P_0.04861
166,P_P137N6_539a3b77-1177-49f8-920e-888a9e3efee1,high_P,0.9548500000000004,P_0.04861
167,P_P137N4_45f18f50-3411-4635-a490-87621b74004d,high_P,0.7993500000000004,P_0.04861
168,P_P137N2_8144e336-4080-442c-b2f3-362f8a9ac509,high_P,0.7060000000000031,P_0.04861
169,P_P137N3_a394036d-f70e-435e-a2c8-325b3674a4d9,high_P,0.56785,P_0.04861
170,P_P137N4_06c3f239-33bb-44df-8e03-5bd0614c77df,high_P,0.4266500000000022,P_0.04861
171,P_P137N6_c0015495-ea6c-4988-9478-0ff9419acec7,high_P,0.9463000000000008,P_0.04861
172,P_P137N2_862356c3-d070-4f77-882c-4ba37debe14c,high_P,0.9665999999999997,P_0.04861
173,P_P137N3_cb9a5369-d2e8-41c5-976a-bd149ee360f2,high_P,0.6868499999999997,P_0.04861
174,P_P137N4_48cbff8f-137f-4e9e-9047-75789dc53402,high_P,0.6474999999999973,P_0.04861
175,P_P137N5_b9f572f6-66a3-4b07-a56e-0a741399944b,high_P,0.8986999999999981,P_0.04861
176,P_P137N2_ce428a41-48c5-4b12-a52e-f5ac8d9bda00,high_P,0.7775999999999996,P_0.04861
177,P_P137N4_69eea3f5-821b-4a4e-a7f8-7d712a926a5b,high_P,0.290499999999998,P_0.04861
178,P_P137N4_e8b9ed0e-efc7-4dbe-b6ed-d5ef80a1e5bf,high_P,0.8373500000000007,P_0.04861
179,P_P137N3_d37ce590-09f2-435c-bdb3-fef947d3a8d1,high_P,0.17944999999999922,P_0.04861
180,P_P137N4_04a6c54d-fdcf-457b-a041-6345740eb494,high_P,0.25209999999999866,P_0.04861
181,P_P137N4_bc856342-ae65-4e24-931f-eaab57557646,high_P,0.7068000000000012,P_0.04861
182,P_P137N1_c35bab9c-c90b-4db7-852d-bc1539029f7a,high_P,0.42934999999999945,P_0.04861
183,P_P137N3_cb02cd7a-05e0-4189-82ee-cd268f655081,high_P,0.25619999999999976,P_0.04861
184,P_P137N2_27a3d97f-c60d-43b7-8020-27c44e8190d6,high_P,0.2964500000000001,P_0.04861
185,P_P137N3_8223e344-7c6b-4645-8893-a61e95237d84,high_P,0.66845,P_0.04861
186,P_P137N5_74427461-f671-4ced-b5cd-ced9d50cd259,high_P,0.8758499999999998,P_0.04861
187,P_P137N1_87eff9d6-e456-4871-9f93-6127e68a435d,high_P,0.25709999999999766,P_0.04861
188,P_P137N2_0d50c75d-1679-4bca-b91a-30bc458a92b4,high_P,0.7251500000000028,P_0.04861
189,P_P137N5_45a9746a-48b3-4d58-a67e-b61c699017c3,high_P,0.745000000000001,P_0.04861
190,P_P137N2_f73f4fd9-4f08-4c31-8f18-4dd41ce90be8,high_P,0.5156999999999989,P_0.04861
191,P_P137N1_e393d1b7-ad39-404b-8cfc-fe1b3d5c7767,high_P,0.476700000000001,P_0.04861
192,P_P137N2_f7041a57-205f-43c6-a02d-0e6cc05dbdb4,high_P,0.615750000000002,P_0.04861
193,P_P137_accbc2ee-96eb-43b9-8340-bd9a206de692,high_P,0.5653999999999986,P_0.04861
194,P_P137N4_816ebace-e8d4-40a5-8840-40d844b756a8,high_P,0.8097999999999992,P_0.04861
195,P_P137N4_135e9e55-91a1-4c0e-bcbc-e8552d1f2ae2,high_P,0.2998000000000012,P_0.04861
196,P_P137N6_f90d2bb8-cdbd-4e27-91b7-f9c8cb9d4840,high_P,1.0396999999999998,P_0.04861
197,P_P137N3_54ce393d-7973-471e-9ba0-f0f662413b26,high_P,0.5603000000000016,P_0.04861
198,P_P137N3_3ed80fe8-f19f-40bd-9e99-8575a2eb5cfa,high_P,0.2286999999999999,P_0.04861
199,P_P137N5_05381aa2-cdbb-45f0-8310-e43bd8a4aeae,high_P,0.8045000000000009,P_0.04861
200,P_P134N4_1f4f24b8-bb8b-46e4-999c-ae52a386ae3a,high_P,0.17329999999999757,P_0.06944
201,P_P134N5_f56e1f7a-b220-4377-92eb-6d5b4e24f938,high_P,0.6266999999999996,P_0.06944
202,P_P134N3_9b2d83ba-6543-425a-80ee-c038f54762e6,high_P,0.41554999999999964,P_0.06944
203,P_P134N4_767a10da-c92d-4725-90de-c0a8f0de82ce,high_P,0.8283000000000023,P_0.06944
204,P_P134N4_868ae9b7-8335-4856-9a20-e132e014bf56,high_P,0.33230000000000004,P_0.06944
205,P_P134N7_408b7e25-21f0-424a-b5ae-3a2bc97d7429,high_P,0.7927999999999997,P_0.06944
206,P_P134N7_4fc204c8-5fa7-4924-a8ce-d8049b4f8fe1,high_P,0.4681999999999995,P_0.06944
207,P_P134N4_8c5769b4-9dc9-4032-abac-2af201bc5d8f,high_P,0.7079000000000022,P_0.06944
208,P_P134N3_0bbe3973-1534-431a-8cd6-f17dd0ee3b7a,high_P,0.41580000000000084,P_0.06944
209,P_P134N3_fded71ba-b99c-418b-b57d-49fa3248c9e2,high_P,0.40915000000000035,P_0.06944
210,P_P134N4_8e2fa756-7496-4508-a2a1-3f5fa25aeffe,high_P,0.41199999999999903,P_0.06944
211,P_P134N5_fb60d648-7bf8-48af-bca4-acc90bc17b7b,high_P,0.3882499999999993,P_0.06944
212,P_P134N4_95d6b15c-5a7c-4057-98c2-34ce9f796f3b,high_P,0.5463999999999984,P_0.06944
213,P_P134N8_734e82b4-bec2-4969-a332-7cb2f9972f37,high_P,0.4731000000000023,P_0.06944
214,P_P134N6_7770b6b7-0902-4b9a-8212-c2abcbf9202b,high_P,0.7750500000000002,P_0.06944
215,P_P134N5_a31ed8c7-1605-4f5d-bd26-e5843611b232,high_P,0.4046500000000002,P_0.06944
216,P_P134N5_c451268e-ac0d-4124-b970-8314fbde1f26,high_P,0.8520000000000003,P_0.06944
217,P_P134N6_df8cffd8-9f7c-4440-8b00-55c9855a256b,high_P,0.32564999999999955,P_0.06944
218,P_P134N5_d2b8d242-9a9b-488f-9798-377052a014f7,high_P,0.841149999999999,P_0.06944
219,P_P134N6_c3cf1a78-0368-4c4f-9bba-ba26ce2e58bd,high_P,0.879050000000003,P_0.06944
220,P_P134N5_57f4ae5f-93fb-43cd-96cd-02bd64f2d098,high_P,0.8693999999999988,P_0.06944
221,P_P134N5_62a407e9-aa9c-4f88-a27f-c89ec12fe962,high_P,0.35350000000000037,P_0.06944
222,P_P134N6_9da86eec-5598-446e-8969-df136523391d,high_P,0.729499999999998,P_0.06944
223,P_P134N6_3b0609d7-100e-4770-b032-4f7ccb643c8a,high_P,0.7678499999999993,P_0.06944
224,P_P134N8_ed83894b-9caf-418b-89c6-c9d163acc79f,high_P,0.8986999999999981,P_0.06944
225,P_P134N5_8a956711-e5f7-4e40-bf43-f3eead7e2650,high_P,0.7506500000000003,P_0.06944
226,P_P134N7_040fc94c-cd5e-4888-ab7e-e333732cff7f,high_P,0.6987500000000004,P_0.06944
227,P_P134N3_7ebc2d09-bdac-4179-a839-c70d9f23c09f,high_P,0.4609000000000023,P_0.06944
228,P_P134N6_d3a602b0-3ce3-4e8e-82fd-c0b4be0c93b8,high_P,0.9212999999999987,P_0.06944
229,P_P134N6_0c75b3d9-dab1-4c86-b4aa-8a992d8eccb7,high_P,0.9335999999999984,P_0.06944
230,P_P134N7_5c681082-42e5-4bc2-acf1-b232e2db46cc,high_P,0.7572499999999991,P_0.06944
231,P_P134N4_3febdf35-4e17-4685-965c-0fbd755217de,high_P,0.7878499999999988,P_0.06944
232,P_P134N3_9d8a29c4-56aa-472d-bd90-e365c71ca7aa,high_P,0.9527000000000001,P_0.06944
233,P_P134N6_27a5dcd5-d616-46a0-93b6-c44ea8bd8b70,high_P,0.8520000000000003,P_0.06944
234,P_P134N3_a677e9e4-ac2d-46cf-a2b1-1d38f6e11e89,high_P,0.7849000000000004,P_0.06944
235,P_P134N3_bdc16de1-0e53-494f-a5e7-3c84bce2ac04,high_P,0.38729999999999976,P_0.06944
236,P_P134N5_a864d784-5a0c-4495-82d5-a679ac327c34,high_P,0.7992999999999988,P_0.06944
237,P_P134N4_76bce3cf-0f4f-4e0c-a1c9-c8c6ebcf0a08,high_P,0.5457500000000017,P_0.06944
238,P_P134N7_f560ee56-a141-49ee-9a7f-f34f7e99a2e5,high_P,0.7797499999999999,P_0.06944
239,P_P134N4_a9df820c-b893-41d5-814e-7bcaac40821e,high_P,0.8384999999999998,P_0.06944
240,P_P134N4_ae136efa-c44c-4335-a31b-f9925eb03a7b,high_P,0.8757999999999981,P_0.06944
241,P_P134N7_af75a6dc-efbb-4d85-bed9-0d2a67f0de04,high_P,0.6686999999999976,P_0.06944
242,P_P134N6_ddfacc04-1ad3-4d33-aa17-17a6d5d37887,high_P,0.7365999999999993,P_0.06944
243,P_P134N7_1c3f1289-4dde-40af-838b-121846aecfd4,high_P,0.22390000000000043,P_0.06944
244,P_P134N7_ba8055c9-84af-487a-8205-307dc5f954a5,high_P,0.8451500000000003,P_0.06944
245,P_P134N4_1fe3516f-1738-48a9-9e5e-18be3c987e21,high_P,0.19180000000000064,P_0.06944
246,P_P134N3_cbfa87f8-5485-422b-81ac-40a16b13277a,high_P,0.36189999999999856,P_0.06944
247,P_P134N8_6e157880-fca5-4f07-9385-6575dfeed892,high_P,0.8753999999999991,P_0.06944
248,P_P134N7_e6d8503d-2d3e-4f27-a8a3-d4c9252f50ee,high_P,0.8704499999999982,P_0.06944
249,P_P134N5_def7da73-9b20-4bae-a4a0-595c4a025b9a,high_P,0.49490000000000123,P_0.06944
250,P_P134N3_15b930fc-1826-40d2-96ba-9d74d17dabd3,high_P,0.5919000000000025,P_0.06944
251,P_P134N6_b540332c-a65f-418a-9e58-89aada84e729,high_P,0.7416000000000018,P_0.06944
252,P_P134N8_1940fe06-4315-4639-b6ea-12f7b20b6692,high_P,0.32235000000000014,P_0.06944
253,P_P134N5_014d7867-5bbd-4b36-94ca-25f5445d180a,high_P,0.4724499999999985,P_0.06944
254,P_P134N6_2f9acbda-8d5d-41ea-a290-6d9370abf721,high_P,0.31040000000000134,P_0.06944
255,P_P134N4_e5ec77f8-8cc3-40ab-8d6b-e52f8d6306e8,high_P,0.9272500000000008,P_0.06944
256,P_P134N5_65de94d6-bf47-4f7d-b5c8-e46f3ee6411d,high_P,0.5755999999999979,P_0.06944
257,P_P134N3_dda7d839-bc4d-48cb-a66f-1ba5db069526,high_P,0.3457499999999989,P_0.06944
258,P_P134N5_f507163f-08d6-4049-b4fc-752a8460244b,high_P,0.4369999999999976,P_0.06944
259,P_P134N5_aaa1614d-2055-467f-8b81-2ee6d2079f7d,high_P,0.20520000000000138,P_0.06944
260,P_P134N9_fda88fe1-afe4-4c5d-a409-454f60e489ae,high_P,0.943950000000001,P_0.06944
261,P_P134N1_c9de04e1-bbe0-4d3f-a80f-5fbc20ee4341,high_P,0.5442000000000036,P_0.06944
262,P_P134N5_2fb2dac9-625b-4a58-8d71-1ab73a779346,high_P,0.4372000000000007,P_0.06944
263,P_P134N4_461e2c63-a6ef-4683-9fd5-c7ca0df15ce2,high_P,0.7787000000000006,P_0.06944
264,P_P134N6_8fec1ea2-f8f7-489d-8c17-4676cc311996,high_P,0.6519000000000013,P_0.06944
265,P_P134N7_b7fc819a-e88b-4ba3-bee1-6524c1a35842,high_P,0.36240000000000094,P_0.06944
266,P_P134N8_7d0f0dba-f643-4814-a7f7-d75dc3186f5a,high_P,0.679000000000002,P_0.06944
267,P_P134N3_4fc5e85d-3efc-44ae-ae01-4e490ac4a659,high_P,0.5096999999999987,P_0.06944
268,P_P134N8_77084258-796b-405c-8b5a-17d19cee3337,high_P,0.9377999999999993,P_0.06944
269,P_P134N5_82af502a-3429-4a1d-a6e2-cdce7962a6e0,high_P,0.588000000000001,P_0.06944
270,P_P134N4_40525fc0-40da-4864-8c25-0c2e48f1dc5d,high_P,0.27745000000000175,P_0.06944
271,P_P134N2_7d818b15-98d7-46a0-8001-037c616cfa2c,high_P,0.644400000000001,P_0.06944
272,P_P134N4_38f274f6-4e5b-4e75-af8a-d382b8a7f15f,high_P,0.8693999999999988,P_0.06944
273,P_P134N6_f49d38e2-e192-4630-bf86-69067535a1ea,high_P,0.1684999999999981,P_0.06944
274,P_P134N6_830832b7-0dd2-4f20-b337-b06a84de9d62,high_P,0.31695000000000206,P_0.06944
275,P_P134N4_1cf43041-d206-4f94-8eee-bb99bf6bb6e3,high_P,0.7102000000000004,P_0.06944
276,P_P134N4_89dc2314-6579-4424-b6c7-d062222a43ae,high_P,0.07809999999999917,P_0.06944
277,P_P134N4_e02cd285-929e-4369-9fb2-ea222ee54a52,high_P,0.7642500000000005,P_0.06944
278,P_P134N7_02381019-d5d0-4d7d-b881-18b484da501e,high_P,0.6616,P_0.06944
279,P_P134N6_a6b45668-5d73-402a-a930-bed430880c8c,high_P,0.7144000000000013,P_0.06944
280,P_P134N6_1795fa63-6921-49b3-99d2-6d1d42e69da8,high_P,0.9246499999999997,P_0.06944
281,P_P134N4_40fd86f6-a77c-4924-a5af-01b02ef8973a,high_P,0.2798999999999978,P_0.06944
282,P_P134N5_8fc90672-e572-478f-a6fb-8713e877498b,high_P,0.6501999999999981,P_0.06944
283,P_P134N5_c23221a9-df60-4cdc-9665-4fdc194c5873,high_P,0.3262999999999998,P_0.06944
284,P_P134N4_0353b1ca-5c8a-43b1-b8f5-4f32de886987,high_P,0.6099500000000013,P_0.06944
285,P_P134N8_2ffd6ca1-fb18-4077-9a35-fe1b0c31d1f9,high_P,0.6023999999999994,P_0.06944
286,P_P134N7_7fd36a51-a310-4951-a0a5-8764590b96af,high_P,0.2827499999999965,P_0.06944
287,P_P134N8_a97435be-b765-4385-9fc5-a6b25d984811,high_P,0.23160000000000025,P_0.06944
288,P_P134N6_d44d6b1b-afde-4b55-b705-eecde5fd12f5,high_P,0.8513000000000019,P_0.06944
289,P_P134N3_a583a5c5-7ee5-4059-8db9-de8f911cc29a,high_P,0.2597999999999985,P_0.06944
290,P_P134N7_8ff501f0-ae56-4896-8503-ce388fa1a3d3,high_P,0.7378999999999998,P_0.06944
291,P_P134N2_b92a129c-f235-49ff-9d7a-17762d5bc989,high_P,0.5813999999999986,P_0.06944
292,P_P134N6_365a18c8-53a4-4b5f-abda-0c487f036b94,high_P,0.7591999999999999,P_0.06944
293,P_P134N6_da22a42e-e9af-426b-9203-b2620563c393,high_P,0.5543999999999976,P_0.06944
294,P_P134N3_409f65ef-2273-4d8e-a6b1-bb5f60b05449,high_P,0.25065000000000026,P_0.06944
295,P_P134N9_c82f4875-98fb-49f1-ab04-283575a00f39,high_P,0.8665999999999983,P_0.06944
296,P_P134N6_2920bc67-f10b-4f30-89e0-d56a14de5e16,high_P,0.7981499999999997,P_0.06944
297,P_P134N4_6e5f359b-6e75-4487-8517-24b248721bf2,high_P,0.5884500000000017,P_0.06944
298,P_P134N6_6d560aaa-09ea-47a0-b8e5-2f51affd6650,high_P,0.7171500000000002,P_0.06944
299,P_P134N7_618fa7fd-b549-4eda-a5a2-2091f6fae7ba,high_P,0.37575000000000003,P_0.06944
300,P_P130N8_d44cef95-6ae9-4b15-b1f6-fb93414e6b3a,high_P,0.7473499999999973,P_0.09722
301,P_P130N6_8780cc4a-2c2c-4e87-b15d-2686726157f0,high_P,0.40390000000000015,P_0.09722
302,P_P130N7_cbb24f34-38ab-490e-ba63-d259d94a7542,high_P,0.2622499999999981,P_0.09722
303,P_P130N7_2025967a-9ab1-4d20-b533-10bf9f3e9ac4,high_P,0.4814000000000007,P_0.09722
304,P_P130N5_4c457252-3cad-4d67-9a4c-b51053edab2e,high_P,0.4198500000000003,P_0.09722
305,P_P130N7_2dd91df6-6100-4305-adb3-79179704cffe,high_P,0.7369500000000002,P_0.09722
306,P_P130N8_e0cbdf57-ff29-441b-b3c1-3f37dc641a17,high_P,0.2796500000000002,P_0.09722
307,P_P130N9_fe8c27f7-59e4-4eb1-8a8c-053424d50d5d,high_P,0.1905000000000001,P_0.09722
308,P_P130N7_e236b37e-ec6c-4beb-a178-c706965a3988,high_P,0.325800000000001,P_0.09722
309,P_P130N5_6e3e845b-8c44-44c0-ba72-6328e12f6052,high_P,0.5879500000000029,P_0.09722
310,P_P130N7_f91e70ca-6967-4b13-9eb7-597606d554fa,high_P,0.5245499999999979,P_0.09722
311,P_P130N9_6442911f-1ed6-4891-b85a-d1b822e2ebdc,high_P,0.1454999999999984,P_0.09722
312,P_P130N7_ad5f6a9f-a704-4f5e-ba23-947aebf85ffe,high_P,0.6800500000000014,P_0.09722
313,P_P130N5_eaa7618c-ccd2-429c-8d8a-d050a79aa4f6,high_P,0.2826999999999984,P_0.09722
314,P_P130N8_b7cd3fbb-0cce-4e9e-847a-c0d906ae51ac,high_P,0.29720000000000013,P_0.09722
315,P_P130N8_08f35635-f38e-4fb1-815e-0fad4f3151b9,high_P,0.5121500000000019,P_0.09722
316,P_P130N7_994234e0-6afa-4350-9336-08ff99246c9e,high_P,0.2752999999999979,P_0.09722
317,P_P130N5_896edace-b940-4729-b10a-4299f50f3f54,high_P,0.19964999999999833,P_0.09722
318,P_P130N5_80f6bc02-a992-4236-9ff5-295b6a41e29c,high_P,0.5986000000000011,P_0.09722
319,P_P130N9_c3e5370b-0dc4-4cfc-a17a-d1330199b2ac,high_P,0.565100000000001,P_0.09722
320,P_P130N6_a561b15c-3302-48d7-b324-92890d7914a2,high_P,0.2731999999999992,P_0.09722
321,P_P130N6_8f5a7df4-beb3-475e-8e4b-3991d5d4922a,high_P,0.4596499999999999,P_0.09722
322,P_P130N8_49a6bdfb-57fb-4de6-b76e-c808ec013647,high_P,0.6005000000000003,P_0.09722
323,P_P130N9_c882b163-1c7a-49f2-ba35-bc6295794690,high_P,0.04814999999999969,P_0.09722
324,P_P130N5_4ee3a88f-97de-4829-ae40-03303b6e6b5f,high_P,0.3534000000000006,P_0.09722
325,P_P130N9_74450b87-d1a5-4e39-bf68-a8ecd754afba,high_P,0.8164999999999978,P_0.09722
326,P_P130N9_f3fab8c3-3ce2-430a-a807-842bb30610ed,high_P,0.22630000000000194,P_0.09722
327,P_P130N5_215544be-bf9c-449d-8483-f0a975ef4feb,high_P,0.3481000000000023,P_0.09722
328,P_P130N6_069edc97-55b9-4d15-979d-c70a3e435e35,high_P,0.3891999999999989,P_0.09722
329,P_P130N9_3fc7f007-8310-411c-a5e8-a0e6c2637a0c,high_P,0.4902500000000032,P_0.09722
330,P_P130N8_7be5e4fd-b3c6-4971-be20-b6e867dea66e,high_P,0.16404999999999959,P_0.09722
331,P_P130N7_4a2a1de9-21f5-407c-92b9-fcc691c32f2c,high_P,0.5731999999999999,P_0.09722
332,P_P130N8_dd71e334-eece-43e1-a544-59db454dd3a4,high_P,0.26229999999999976,P_0.09722
333,P_P130N5_ecdf8c58-5dda-41dd-84a3-7f128e7e4c41,high_P,0.3592000000000013,P_0.09722
334,P_P130N9_17b41d60-2546-4181-8472-f88095da555d,high_P,0.2897500000000015,P_0.09722
335,P_P130N9_9c55fcfb-4852-4fb8-8dba-4928deac216e,high_P,0.3309999999999995,P_0.09722
336,P_P130N6_37773af0-c054-4339-aa42-6e09ec39bbfc,high_P,0.15589999999999904,P_0.09722
337,P_P130N8_11fa53a0-1edb-4670-b5f3-e004c73bf4af,high_P,0.16389999999999816,P_0.09722
338,P_P130N9_bb15c85b-afad-47ab-86be-6fbab1c3264b,high_P,0.15970000000000084,P_0.09722
339,P_P130N8_b6b6d550-e53b-4108-b41b-b25643f0fd24,high_P,0.3951999999999991,P_0.09722
340,P_P130N8_4aac5017-d6d9-4292-8811-719a1f60d73b,high_P,0.21820000000000306,P_0.09722
341,P_P130N6_ad4e8262-bfb5-49be-8679-a28ee4287eef,high_P,0.6634999999999991,P_0.09722
342,P_P130N6_ba791020-e5c2-4b19-8d8d-c8121118f779,high_P,0.45764999999999745,P_0.09722
343,P_P130N8_df98ff3b-6173-4c50-ae56-97602fdf8885,high_P,0.7622999999999998,P_0.09722
344,P_P130N6_88db6f28-2c41-406d-b843-4a467435e1dd,high_P,0.49790000000000134,P_0.09722
345,P_P130N6_efbb5525-a45d-4da4-83d9-5c02ac781399,high_P,0.5010499999999993,P_0.09722
346,P_P130N8_5ba3615a-2ff7-4a52-be6b-43df378e9901,high_P,0.3082000000000029,P_0.09722
347,P_P130N5_8b8b7b1a-f34c-489d-88eb-451613270b3d,high_P,0.43234999999999957,P_0.09722
348,P_P130N9_e2c5c376-7257-4338-943d-2bf5966c3069,high_P,0.07264999999999944,P_0.09722
349,P_P130N9_3062eaab-2840-4ec2-9db1-5015c7b9aa4d,high_P,0.33685000000000187,P_0.09722
350,P_P130N5_4e385960-7233-4e3c-9d15-e61da012e8f7,high_P,0.4341499999999989,P_0.09722
351,P_P130N6_ee74078f-bc7a-4330-a46a-c9964d4dabd2,high_P,0.2339500000000001,P_0.09722
352,P_P130N7_500b7dde-9e70-48b6-bec9-192853aa0641,high_P,0.8205500000000008,P_0.09722
353,P_P130N7_3bbf346e-d285-465c-bf8f-ec588c33ca93,high_P,0.4953499999999984,P_0.09722
354,P_P130N7_5e586fd5-ff63-46fc-932e-f81f6d62a141,high_P,0.2784000000000013,P_0.09722
355,P_P130N6_0344baa9-3c0e-4335-b081-f2b8fc5814ff,high_P,0.16140000000000043,P_0.09722
356,P_P130N9_b6a3ecff-e5af-49b3-a6be-f606fcb52931,high_P,0.6421500000000009,P_0.09722
357,P_P130N6_de7d770b-cec9-4f6e-8f95-aed0f319626d,high_P,0.4485500000000009,P_0.09722
358,P_P130N9_71fffdfb-4326-48a2-8c73-33319d961736,high_P,0.8109500000000018,P_0.09722
359,P_P130N9_df91be18-c748-407e-ba23-f1eff4499333,high_P,0.3362000000000016,P_0.09722
360,P_P130N8_4da67312-af60-4b2d-adf5-10c7bd23799c,high_P,0.5786000000000016,P_0.09722
361,P_P130N6_2a9e4cb0-7871-474d-9a95-90f7718a73c0,high_P,0.5286000000000008,P_0.09722
362,P_P130N7_db1f83c1-a7fd-4d3f-8e88-008f925c4567,high_P,0.33974999999999866,P_0.09722
363,P_P130N7_92210645-49ed-4160-affb-82d7e1378eac,high_P,0.3435999999999986,P_0.09722
364,P_P130N9_db27f21b-cae3-4918-b3ba-8c8b53c63298,high_P,0.23019999999999996,P_0.09722
365,P_P130N6_1d3a8609-0aa7-4147-a144-39eb469c3966,high_P,0.35009999999999764,P_0.09722
366,P_P130N7_01f80b8d-2b13-4c1a-bc47-483b9d022da0,high_P,0.6803499999999971,P_0.09722
367,P_P130N5_73b92a80-edba-4628-aa33-53087cf4717d,high_P,0.5432500000000005,P_0.09722
368,P_P130N6_c80089f3-fe52-447f-ac9a-4918b4a7a919,high_P,0.4389000000000003,P_0.09722
369,P_P130N6_218a96bc-dac1-4fa7-8749-3bbb58e1d15d,high_P,0.15830000000000055,P_0.09722
370,P_P130N7_63ba624c-3c3d-48ef-9c65-71c70f391891,high_P,0.5807500000000019,P_0.09722
371,P_P130N9_1cc12641-fe8e-4de7-b0d4-033e2afb0835,high_P,0.6415000000000006,P_0.09722
372,P_P130N7_65d6b707-d576-4e00-9b6b-a2ac70bdb107,high_P,0.39335000000000164,P_0.09722
373,P_P130N6_fdc59dc5-9b20-461f-9886-29c7d28ee7a0,high_P,0.6899499999999996,P_0.09722
374,P_P130N6_b948f9c5-ec94-4745-b51c-f6bc89cb8bf4,high_P,0.35409999999999897,P_0.09722
375,P_P130N7_09c76836-eafc-4eba-bc4d-3fbead153841,high_P,0.20289999999999964,P_0.09722
376,P_P130N6_0cd4835e-8f7f-4b09-b142-165944c92a15,high_P,0.22240000000000038,P_0.09722
377,P_P130N8_6a9c8bef-5a4e-493e-b8d4-7059d206be2b,high_P,0.42384999999999806,P_0.09722
378,P_P130N5_2c0a7c70-64dc-4f8e-9ad2-76b9b63faab8,high_P,0.5507000000000026,P_0.09722
379,P_P130N6_08ba2b13-49a2-4e21-bb5d-88eb3756f542,high_P,0.3497000000000021,P_0.09722
380,P_P130N7_66b1afd9-5750-460e-a194-84b877b091c0,high_P,0.1681500000000007,P_0.09722
381,P_P130N6_0d633713-96c7-4680-a937-c42cfffc14a7,high_P,0.5414500000000011,P_0.09722
382,P_P130N9_27b92406-2dc7-4122-bfb0-0bfa56a5d9ff,high_P,0.53885,P_0.09722
383,P_P130N9_a44c00cc-8235-42f4-9c05-bb42b397e8d4,high_P,0.4875000000000007,P_0.09722
384,P_P130N7_67067a32-129b-4042-85a1-9b1472951f67,high_P,0.29274999999999807,P_0.09722
385,P_P130N9_1b6fc625-17fa-492f-8b99-6f8f33517b1d,high_P,0.6521499999999989,P_0.09722
386,P_P130N5_ed2bf4f7-4100-4e7a-8ca4-487c425f22ae,high_P,0.6210000000000022,P_0.09722
387,P_P130N8_db7d6523-770a-42fe-b281-0ca1eb35cbf9,high_P,0.5413499999999978,P_0.09722
388,P_P130N8_02a763c1-8434-4799-94fb-ae0fa1d9a7c6,high_P,0.45364999999999966,P_0.09722
389,P_P130N9_8de0d577-74d0-44a2-aeee-f08f4fe990b2,high_P,0.5503499999999981,P_0.09722
390,P_P130N5_2d2edeb9-0215-4da6-873c-d39a5a44fe39,high_P,0.2878000000000007,P_0.09722
391,P_P130N8_ca4965fe-3e77-4fcc-b3c3-b04867b3b6f6,high_P,0.5138500000000015,P_0.09722
392,P_P130N7_2135ffc4-91ef-43c5-9c02-a683d45b6bad,high_P,0.4130500000000019,P_0.09722
393,P_P130N7_cde45174-f3e4-4f7a-ab85-24328593d92f,high_P,0.20570000000000022,P_0.09722
394,P_P130N6_c435a7f0-479d-4698-9c35-17c29f15eda8,high_P,0.22034999999999982,P_0.09722
395,P_P130N9_743bf692-dea8-42fa-913e-e86dff2ca8a2,high_P,0.1828000000000003,P_0.09722
396,P_P130N8_08c78543-f2b7-455f-8e22-974c8b4596b5,high_P,0.4081500000000027,P_0.09722
397,P_P130N7_b4a015b4-3fc5-4d97-b808-747104c6a144,high_P,0.5081000000000024,P_0.09722
398,P_P130N9_12e632da-5c04-4ab7-ad14-49b9b6a8c77b,high_P,0.27539999999999765,P_0.09722
399,P_P130N8_1869feb3-2277-4668-a9ea-fcf8e2c063c7,high_P,0.3944499999999991,P_0.09722
400,P_P126N9_6308aee1-9f2a-4d8b-add9-8ccf828e4459,high_P,0.5665000000000013,P_0.125
401,P_P126N9_b34783d7-2566-4e43-ab6b-ea223bb87b98,high_P,0.16240000000000165,P_0.125
402,P_P126N9_4db72ad2-5159-4380-be28-61bd35157686,high_P,0.1277000000000008,P_0.125
403,P_P126N9_1730857a-2b5a-4925-9cd8-10b9df1f29ac,high_P,0.17280000000000229,P_0.125
404,P_P126N9_12f21d69-5dd9-414e-8725-6bf198669ca2,high_P,0.40759999999999863,P_0.125
405,P_P126N9_1249b0f7-6ba1-4eb3-9696-2c070b951597,high_P,0.6299500000000009,P_0.125
406,P_P126N9_66cb822e-928f-4034-8a12-3901c8b17d23,high_P,0.3727499999999999,P_0.125
407,P_P126N9_6dcf339c-6f79-438c-855a-1ee560d903ec,high_P,0.1792499999999997,P_0.125
408,P_P126N9_b1692ba6-5546-4a4e-8f00-b62c1a864bb6,high_P,0.8501499999999993,P_0.125
409,P_P126N9_7e089551-95a4-43b8-bd0b-5c8c686dbadf,high_P,0.17405000000000115,P_0.125
410,P_P126N9_e81e158e-219c-4792-bb41-fbb403ce199a,high_P,0.22394999999999854,P_0.125
411,P_P126N9_3d2e6e89-d1dd-4719-9fb9-22d6fc772e84,high_P,0.6921999999999997,P_0.125
412,P_P126N9_697eab6b-5508-41cd-9ca9-361cfb67cff9,high_P,0.32260000000000133,P_0.125
413,P_P126N9_994200c7-48e7-4478-8d6b-3498cd023aec,high_P,0.2821499999999979,P_0.125
414,P_P126N9_e5f4bc08-e0cf-42c3-a894-29fc25f626df,high_P,0.07615000000000194,P_0.125
415,P_P126N9_b4155960-cde2-4483-9f44-f24548a6e638,high_P,0.42949999999999733,P_0.125
416,P_P126N9_40065ef3-33a4-4a04-a7b0-f6b2e2454d9b,high_P,0.21620000000000061,P_0.125
417,P_P126N9_5f3d0ffd-1140-4c3c-826d-c25b8706254b,high_P,0.028050000000000352,P_0.125
418,P_P126N9_ccc168f3-e29f-4a6d-b7fa-004479c1b6ef,high_P,0.06080000000000041,P_0.125
419,P_P126N9_c17d1f02-c3ec-411c-9918-7f513402d117,high_P,0.2869500000000009,P_0.125
420,P_P126N9_9aa3ffa5-a4ef-4c76-9bef-c8cfc152f2e6,high_P,0.21685000000000088,P_0.125
421,P_P126N9_5eeef3f7-d6b6-4112-a8f3-3459ca7bc417,high_P,0.2987000000000002,P_0.125
422,P_P126N9_c0b80f3b-a14e-4db9-a38e-9b1ea2b2b306,high_P,0.25445000000000206,P_0.125
423,P_P126N9_cef8ee4f-27de-48e1-8016-1ba77e9c0658,high_P,0.34705000000000297,P_0.125
424,P_P126N9_474f1e7f-dfcd-4053-91f7-503cc1ea0088,high_P,0.25815000000000055,P_0.125
425,P_P126N9_72625443-b1e7-46d4-ae25-d5d00e84ff62,high_P,0.1538499999999985,P_0.125
426,P_P126N9_b1273c09-bf9c-4d25-a799-f3c7013e997b,high_P,0.3658999999999999,P_0.125
427,P_P126N9_c78a55cb-1fab-417a-b1b5-feaa6377d616,high_P,0.5051999999999985,P_0.125
428,P_P126N9_314e6036-22ea-459f-baa1-603a415ca576,high_P,0.6942500000000003,P_0.125
429,P_P126N9_ea23f51d-a5bc-4add-8a6f-9dd67d203048,high_P,0.4855499999999999,P_0.125
430,P_P126N9_3cdc2bac-baa7-4d7b-aeb2-d85674fd326b,high_P,0.4637999999999991,P_0.125
431,P_P126N9_e2cb621f-63bd-46d0-abf6-c3c83d6977c2,high_P,0.21865000000000023,P_0.125
432,P_P126N9_abced2ad-8c61-4825-9b25-e5ff92ad6b6f,high_P,0.24780000000000157,P_0.125
433,P_P126N9_a6cd800a-d614-4645-877a-e6de215a9874,high_P,0.2467999999999968,P_0.125
434,P_P126N9_96b4f96c-bccb-4baf-994b-20008b8038dc,high_P,0.39995000000000047,P_0.125
435,P_P126N9_99e52c62-7004-4c8b-8dc2-23541285b4c4,high_P,0.2336500000000008,P_0.125
436,P_P126N9_f65db996-9b04-4aa3-af3f-d5e5e4b755ff,high_P,0.1133500000000005,P_0.125
437,P_P126N9_7e386bda-acfa-4b9b-85ab-262d918dcba3,high_P,0.539399999999997,P_0.125
438,P_P126N9_4857f4db-c231-4413-ae85-3ebc41741bcc,high_P,0.440649999999998,P_0.125
439,P_P126N9_09568168-ac12-4e0c-b9c3-05c2a8237172,high_P,0.534200000000002,P_0.125
440,P_P126N9_001cebe5-1160-4066-8518-4a11401a1fd7,high_P,0.07785000000000153,P_0.125
441,P_P126N9_9eedb034-d3ea-4bc9-96ab-f9e8140bcc64,high_P,0.15504999999999924,P_0.125
442,P_P126N9_b1e453dc-415f-4957-9871-7e364835d182,high_P,0.3318000000000012,P_0.125
443,P_P126N9_d6c80d9f-05a1-4732-8867-727505ecdc70,high_P,0.4379500000000007,P_0.125
444,P_P126N9_1fa6f41e-505c-4e2a-8ba7-c3c6443fab8e,high_P,0.6848500000000008,P_0.125
445,P_P126N9_9eb3e12a-558d-48e8-895d-cb367d561b14,high_P,0.24304999999999666,P_0.125
446,P_P126N9_7b53fa5a-ba81-4f48-a017-4e02e3c5e6d4,high_P,0.6097499999999982,P_0.125
447,P_P126N9_a36daa6a-06d2-40db-a973-2be30dc2537f,high_P,0.1899000000000015,P_0.125
448,P_P126N9_cbf225d9-923c-472b-999b-1505b8586322,high_P,0.43349999999999866,P_0.125
449,P_P126N9_5e3f64e4-f2ac-450e-8cb4-0ad88c9d80c7,high_P,0.8759499999999996,P_0.125
450,P_P126N9_192dc98f-61c1-4956-80e9-0df31c0abf32,high_P,0.5496999999999979,P_0.125
451,P_P126N9_cae1c228-d2fa-45b1-8b5d-2426da33e9f6,high_P,0.32124999999999915,P_0.125
452,P_P126N9_e737c37b-ed52-43de-9e34-88efa34d0a72,high_P,0.10275000000000034,P_0.125
453,P_P126N9_f83295f4-ef27-40c7-a9f8-1ba8f32138c5,high_P,0.12305000000000277,P_0.125
454,P_P126N9_7310b347-6231-44de-b0ff-6da0a8da68f8,high_P,0.36410000000000053,P_0.125
455,P_P126N9_616fabd0-e1e2-4906-bd70-28893ed869f7,high_P,0.16460000000000008,P_0.125
456,P_P126N9_82a2caa2-55c6-4409-8ad3-fb3dd6f1081c,high_P,0.3410499999999992,P_0.125
457,P_P126N9_b53eefc0-790b-4e73-8783-0f3bb8bf1cc2,high_P,0.36850000000000094,P_0.125
458,P_P126N9_ce9b0273-a766-430e-ae8b-6fd28920999e,high_P,0.2561,P_0.125
459,P_P126N9_b8c22e2a-8e47-404b-b815-a42d55b03fae,high_P,0.827499999999997,P_0.125
460,P_P126N9_0a0a6565-d670-47da-9da2-7dde4c4372c9,high_P,0.3833500000000001,P_0.125
461,P_P126N9_48e32e8c-fb3e-4fab-98d2-39f618ea94d6,high_P,0.41015000000000157,P_0.125
462,P_P126N9_8ba22c7c-d0b3-4b60-87e0-5e8cf04d7b20,high_P,0.596350000000001,P_0.125
463,P_P126N9_4d9a369e-93dd-4f42-bf3e-4a7f67636aa7,high_P,0.109849999999998,P_0.125
464,P_P126N9_7fef6429-91c2-4aee-a79c-c727307fb228,high_P,0.3767499999999977,P_0.125
465,P_P126N9_e5ce60c6-dcef-4d70-82b8-5fb4c6e6daa5,high_P,0.51145,P_0.125
466,P_P126N9_e0cbd1a7-9125-4f00-b5b4-0781ba880106,high_P,0.71875,P_0.125
467,P_P126N9_da0e2124-eedf-492e-823d-76695615eb97,high_P,0.16270000000000095,P_0.125
468,P_P126N9_7380dfa8-dc05-4d80-9588-b428fbab583a,high_P,0.2173499999999997,P_0.125
469,P_P126N9_391eee2d-2512-4811-90f5-6ef38a13d414,high_P,0.13475000000000037,P_0.125
470,P_P126N9_15ce4969-c812-4508-8e8b-8e608436cd0a,high_P,0.19760000000000133,P_0.125
471,P_P126N9_88053f0e-3c02-4df9-8704-5832fa09a700,high_P,0.27160000000000295,P_0.125
472,P_P126N9_db00c914-32cb-423f-9b1e-0cca156ced67,high_P,0.16424999999999912,P_0.125
473,P_P126N9_50acf2fa-7559-4526-b45e-dc90898c073a,high_P,0.39099999999999824,P_0.125
474,P_P126N9_5a4aaa7a-1bb5-4288-b9b7-d1614f1ae52d,high_P,0.3003999999999998,P_0.125
475,P_P126N9_5edfe23f-187b-4840-b1c1-b7e1f3f174c6,high_P,0.3826999999999998,P_0.125
476,P_P126N9_fdacf9d4-fc2e-4e9a-80f4-15553a42966e,high_P,0.31784999999999997,P_0.125
477,P_P126N9_d712b20e-edf9-4f84-98e3-09189f344383,high_P,0.28844999999999743,P_0.125
478,P_P126N9_7bb4a04b-b3e4-4955-9dba-ca0b5d6dfe7f,high_P,0.42680000000000007,P_0.125
479,P_P126N9_ab84f075-a2a5-4813-a654-eac8d1a824ad,high_P,0.3075499999999991,P_0.125
480,P_P126N9_7c8a6666-3183-41d0-906d-5872d9b7557d,high_P,0.20335000000000036,P_0.125
481,P_P126N9_4c41c46a-fb38-4e43-8130-65d3371d0b25,high_P,0.1377999999999986,P_0.125
482,P_P126N9_e0754269-d136-48fc-b413-c67e15d0c3cf,high_P,0.21300000000000097,P_0.125
483,P_P126N9_dd890994-b39a-4a20-8cb1-365956eeb1d7,high_P,0.2397500000000008,P_0.125
484,P_P126N9_ecb3b163-ce50-404d-9fcf-cb7eeacaa170,high_P,0.19904999999999973,P_0.125
485,P_P126N9_901a7680-277a-4137-9fb4-55480e3280ab,high_P,0.07509999999999906,P_0.125
486,P_P126N9_8e9cd6c4-cc42-40f5-8972-7502788a45ec,high_P,0.3263499999999979,P_0.125
487,P_P126N9_e4c357cc-06ee-4854-8a92-f31c1c63a107,high_P,0.29824999999999946,P_0.125
488,P_P126N9_4a95634c-e361-441b-afe6-fee6bcb789c2,high_P,0.1886499999999991,P_0.125
489,P_P126N9_68f9d9d1-776d-4373-add0-d476a5c00f6b,high_P,0.6221499999999978,P_0.125
490,P_P126N9_bc892344-9e68-4a43-bfb3-6c1d5bcbc679,high_P,0.20544999999999902,P_0.125
491,P_P126N9_f0965366-b1c2-499d-916a-56ecd381508f,high_P,0.5963000000000029,P_0.125
492,P_P126N9_1f7dc053-6c30-4c82-ba4c-335f6d1abf7f,high_P,0.18549999999999756,P_0.125
493,P_P126N9_92e3cf3a-2119-44b5-ac37-ddaebd361279,high_P,0.4524000000000008,P_0.125
494,P_P126N9_25816f4a-6e15-467f-83fc-4e1ea7799e2b,high_P,0.49705000000000155,P_0.125
495,P_P126N9_65ed0d6c-b183-4fb8-bb61-ddff09de4b38,high_P,0.2583500000000001,P_0.125
496,P_P126N9_63d3ff4b-5857-4592-b45b-912467a1d4c3,high_P,0.32349999999999923,P_0.125
497,P_P126N9_2c43a131-a32a-4372-80ed-cb03ec5f2464,high_P,0.2935499999999962,P_0.125
498,P_P126N9_bf090566-616e-4677-859f-52e2702aac83,high_P,0.4388000000000005,P_0.125
499,P_P126N9_df218ada-bff2-4241-9a7d-fada69001825,high_P,0.4592000000000027,P_0.125
