_id,dataset_material,vacancy_sites,substitution_sites,defect_sites,to_strata,band_gap_value
InSe_In70Se71_72e0e514-b756-42a9-b3f2-2b1e00c10113,high_InSe,3.0,0.0,3.0,InSe_0.02083,0.6106999999999996
InSe_In70Ga2Se71S1_26bbfd31-5bf6-4567-aa7a-1d2c81a3fa93,high_InSe,0.0,3.0,3.0,InSe_0.02083,1.3139000000000003
InSe_In71Ga1Se70S1_62c52d3d-e0c4-48ee-a9ed-6f6a5c2b2fc1,high_InSe,1.0,2.0,3.0,InSe_0.02083,1.1353999999999989
InSe_In70Ga1Se71_0cf6df90-f056-4dbf-a63a-6660ee1622d9,high_InSe,2.0,1.0,3.0,InSe_0.02083,1.048899999999998
InSe_In70Se71S1_cf386f02-a025-440c-b521-e10b6cebe7ed,high_InSe,2.0,1.0,3.0,InSe_0.02083,1.184849999999999
InSe_In70Se71S1_b5d9dd4a-2b69-49cc-a5a7-0b271b65a681,high_InSe,2.0,1.0,3.0,InSe_0.02083,1.123800000000001
InSe_In69Ga2Se72_bb4d8c38-a0b1-4238-bcc9-a9fac06f57dc,high_InSe,1.0,2.0,3.0,InSe_0.02083,1.1796500000000005
InSe_In70Se71S1_0d46e760-30db-4377-8110-3e0193bd9b0e,high_InSe,2.0,1.0,3.0,InSe_0.02083,1.0185999999999993
InSe_In71Ga1Se70S2_747a6102-ed2b-4d45-8978-fc37ec160f3f,high_InSe,0.0,3.0,3.0,InSe_0.02083,1.3211999999999993
InSe_In72Se69S3_1900f7c6-e58f-4e7e-884a-9c98ac0618a0,high_InSe,0.0,3.0,3.0,InSe_0.02083,1.3452000000000002
InSe_In71Ga1Se70S1_88c8f623-26aa-4d03-a4ab-03fcfc5a47fe,high_InSe,1.0,2.0,3.0,InSe_0.02083,1.1296
InSe_In71Se70S1_1628e2c4-11b4-4217-ab53-4e5a9ae52583,high_InSe,2.0,1.0,3.0,InSe_0.02083,0.9577500000000008
InSe_In71Se70S1_a051878c-b733-48ec-95a5-58c9ee033596,high_InSe,2.0,1.0,3.0,InSe_0.02083,1.08155
InSe_In71Se70S2_c7f358bc-b06a-43f0-8ffe-26966f326284,high_InSe,1.0,2.0,3.0,InSe_0.02083,1.1996999999999982
InSe_In72Se69S1_28699bf4-373f-4394-8cd9-bfd652afb81f,high_InSe,2.0,1.0,3.0,InSe_0.02083,1.0639000000000003
InSe_In71Ga1Se70S2_b0f9bf4e-ed54-48d6-8ec7-5ca2ad4397d1,high_InSe,0.0,3.0,3.0,InSe_0.02083,1.320500000000001
InSe_In70Se71S1_af151ef4-0caa-40b7-9c1c-8aeb29fcd097,high_InSe,2.0,1.0,3.0,InSe_0.02083,1.1852499999999981
InSe_In70Ga1Se71S1_ac44c54c-8f8b-4a72-9ed2-9f4c660c9a6b,high_InSe,1.0,2.0,3.0,InSe_0.02083,1.1923999999999992
InSe_In70Ga2Se71S1_9e6046ae-cd64-43a2-bb62-1a28196c37df,high_InSe,0.0,3.0,3.0,InSe_0.02083,1.3097499999999993
InSe_In72Se69S1_080cb2f0-9602-45f8-a0a6-2b74de94c0df,high_InSe,2.0,1.0,3.0,InSe_0.02083,0.9060999999999986
InSe_In71Ga1Se70S1_a5453d12-f5fe-433f-a0fb-524001b2fac5,high_InSe,1.0,2.0,3.0,InSe_0.02083,1.1191499999999994
InSe_In70Se71_6c73762a-4720-4e78-8e99-e7a8aaed3495,high_InSe,3.0,0.0,3.0,InSe_0.02083,0.8542500000000004
InSe_In71Se70S2_74c9831c-91ac-4908-aabd-0404786527fd,high_InSe,1.0,2.0,3.0,InSe_0.02083,1.2025000000000006
InSe_In71Se70_77a2fd80-5f47-4f01-85fc-aeff28e98565,high_InSe,3.0,0.0,3.0,InSe_0.02083,0.6954999999999991
InSe_In70Ga2Se71_958e6d3f-5f38-476a-8e80-bf1f27d9f3b5,high_InSe,1.0,2.0,3.0,InSe_0.02083,1.1309000000000005
InSe_In71Ga1Se70S1_7e264ab9-3eb3-4de1-b9fb-16d1ddab0bf5,high_InSe,1.0,2.0,3.0,InSe_0.02083,1.1233000000000004
InSe_In70Se71_70afb01c-b418-4e5d-ad50-1111f700896b,high_InSe,3.0,0.0,3.0,InSe_0.02083,0.9036999999999988
InSe_In72Se69S2_fcb2d6c2-dee5-4a34-a3d1-e9f4ff9fa523,high_InSe,1.0,2.0,3.0,InSe_0.02083,1.1300999999999988
InSe_In72Se69S1_dad7d20f-19ab-422d-b7c3-660ad36831b3,high_InSe,2.0,1.0,3.0,InSe_0.02083,0.6518000000000015
InSe_In71Ga1Se70S2_733541e7-2687-4f7a-ba7a-ae4d42ad7e8e,high_InSe,0.0,3.0,3.0,InSe_0.02083,1.319749999999999
InSe_In71Ga1Se70S1_f95a33a7-6317-45a6-ac47-d722fcc47d56,high_InSe,1.0,2.0,3.0,InSe_0.02083,1.1270500000000006
InSe_In69Ga3Se72_d4de76fa-a6fa-4f66-825f-696819f2475d,high_InSe,0.0,3.0,3.0,InSe_0.02083,1.3025000000000002
InSe_In70Ga2Se71S1_c39ba469-ca5f-49f9-abf8-f02f11a93256,high_InSe,0.0,3.0,3.0,InSe_0.02083,1.3126999999999995
InSe_In70Ga2Se71S1_7eab271c-c7fb-4947-beb7-eb97b50d4169,high_InSe,0.0,3.0,3.0,InSe_0.02083,1.3121500000000008
InSe_In70Se71_9b52cb58-4b32-4e03-99fe-b1f00b289bdb,high_InSe,3.0,0.0,3.0,InSe_0.02083,0.6588999999999992
InSe_In69Ga1Se72_dae3a529-5c89-4f7d-9028-a443652dbdc5,high_InSe,2.0,1.0,3.0,InSe_0.02083,1.1098999999999997
InSe_In69Ga1Se72_448b83a5-9b71-4dbd-b5dd-c50618de5ab6,high_InSe,2.0,1.0,3.0,InSe_0.02083,1.1209000000000007
InSe_In70Ga1Se71S1_5798b061-6c53-4224-978b-ca95ef9739aa,high_InSe,1.0,2.0,3.0,InSe_0.02083,1.1831999999999994
InSe_In70Ga1Se71_00049a2d-68a9-4651-92c6-58a83447850f,high_InSe,2.0,1.0,3.0,InSe_0.02083,1.0869499999999999
InSe_In71Se70_be010004-79ad-49b0-9c45-81c0fa71bdb0,high_InSe,3.0,0.0,3.0,InSe_0.02083,0.9530500000000011
InSe_In71Se70S1_bffb2141-86f2-48d1-b89b-bfd15216642b,high_InSe,2.0,1.0,3.0,InSe_0.02083,1.0946000000000016
InSe_In71Se70_5a03f797-f4a6-4b69-856d-4a611e886821,high_InSe,3.0,0.0,3.0,InSe_0.02083,1.1063500000000008
InSe_In70Ga2Se71S1_e6eb6e05-9cf5-4f2c-9a72-bfe43e6978ac,high_InSe,0.0,3.0,3.0,InSe_0.02083,1.311300000000001
InSe_In71Se70S2_d8db7101-8de5-4f93-8bd1-754b1ea9322e,high_InSe,1.0,2.0,3.0,InSe_0.02083,1.197750000000001
InSe_In71Ga1Se70S1_e6b97baf-e542-4c09-8a9a-1e9a588c0b91,high_InSe,1.0,2.0,3.0,InSe_0.02083,1.1334499999999998
InSe_In70Se71S1_5c358270-c00d-41d9-afb5-2d108e7bccf4,high_InSe,2.0,1.0,3.0,InSe_0.02083,1.129150000000001
InSe_In71Se70_d383e251-e461-4b68-beeb-6a256d42f54a,high_InSe,3.0,0.0,3.0,InSe_0.02083,1.050749999999999
InSe_In70Ga1Se71_92ad6e3b-f460-4497-a647-bf5aaa5ae780,high_InSe,2.0,1.0,3.0,InSe_0.02083,1.089999999999998
InSe_In71Se70S1_b60d6798-0090-4f4a-b09f-e50349dba247,high_InSe,2.0,1.0,3.0,InSe_0.02083,1.0959500000000002
InSe_In72Se69S2_8c7beced-7933-4de5-999e-07864471b21c,high_InSe,1.0,2.0,3.0,InSe_0.02083,1.1276499999999992
InSe_In71Se70S1_dd475efa-3b5d-4dc5-9dff-7e0666c62e29,high_InSe,2.0,1.0,3.0,InSe_0.02083,1.100900000000001
InSe_In70Ga2Se71S1_981be0f5-1851-43c5-a8ea-cef3ac593e7b,high_InSe,0.0,3.0,3.0,InSe_0.02083,1.3068999999999988
InSe_In72Se69_a8318e11-ffbb-464b-bbfe-4f8717a9b21f,high_InSe,3.0,0.0,3.0,InSe_0.02083,0.7245999999999988
InSe_In72Se69S1_b603f85f-515d-4a62-84c1-06e333e4d186,high_InSe,2.0,1.0,3.0,InSe_0.02083,0.7092999999999989
InSe_In71Ga1Se70S1_246dbd22-e74c-4e5a-964e-b70c1cc998d3,high_InSe,1.0,2.0,3.0,InSe_0.02083,1.132299999999999
InSe_In71Se70S2_bb2ef4c4-efab-4f5b-8652-7150fd1eb7fa,high_InSe,1.0,2.0,3.0,InSe_0.02083,1.1995499999999986
InSe_In71Ga1Se70S1_cf202078-84a8-4456-a3e4-bda377fbb2bc,high_InSe,1.0,2.0,3.0,InSe_0.02083,1.12655
InSe_In70Ga2Se71_7cb0f41a-e1e4-4caf-957b-d17eb1db1eb6,high_InSe,1.0,2.0,3.0,InSe_0.02083,1.1258999999999997
InSe_In69Ga2Se72_1fb6e510-a89c-4102-99e6-919a775fecbb,high_InSe,1.0,2.0,3.0,InSe_0.02083,1.1948499999999989
InSe_In71Ga1Se70S2_17ba393d-4db4-436d-be9f-7bb2269a0dfc,high_InSe,0.0,3.0,3.0,InSe_0.02083,1.3152999999999988
InSe_In70Ga1Se71_5df84128-2a07-49d2-801f-52347248ce28,high_InSe,2.0,1.0,3.0,InSe_0.02083,1.1539000000000001
InSe_In69Ga3Se72_28158252-5fac-4599-8713-a99c5ea42be3,high_InSe,0.0,3.0,3.0,InSe_0.02083,1.3022500000000008
InSe_In69Se72_665370af-501c-41a0-9046-2ad53827ad67,high_InSe,3.0,0.0,3.0,InSe_0.02083,1.063550000000001
InSe_In71Ga1Se70_122c0a34-32da-4093-b695-ce1fa4415375,high_InSe,2.0,1.0,3.0,InSe_0.02083,1.1252000000000013
InSe_In71Ga1Se70_a81ab822-283d-40e1-9a45-9665d6da0df1,high_InSe,2.0,1.0,3.0,InSe_0.02083,1.0922
InSe_In71Se70S1_d453e549-151b-43a7-bcd7-8655ab3392e3,high_InSe,2.0,1.0,3.0,InSe_0.02083,1.0941500000000008
InSe_In70Se71S1_d26323d0-21b4-4cbe-800b-0c5af58f2b2a,high_InSe,2.0,1.0,3.0,InSe_0.02083,1.1735000000000007
InSe_In70Ga1Se71S1_b6741447-74b0-4d28-9eb9-550597a2f298,high_InSe,1.0,2.0,3.0,InSe_0.02083,1.1919499999999985
InSe_In69Ga2Se72_4f3508c4-0287-40c1-a7ec-0c6c5c5f82d8,high_InSe,1.0,2.0,3.0,InSe_0.02083,1.1892000000000014
InSe_In70Ga1Se71_6fb3c70b-90f4-488d-98c5-45c744faaa44,high_InSe,2.0,1.0,3.0,InSe_0.02083,1.0725999999999996
InSe_In69Ga2Se72_d05779d0-621d-449d-94c8-232934659bfe,high_InSe,1.0,2.0,3.0,InSe_0.02083,1.175950000000002
InSe_In70Ga2Se71_c2309dd0-ed86-4b2a-9843-e21a78935817,high_InSe,1.0,2.0,3.0,InSe_0.02083,1.0147999999999993
InSe_In71Se70S1_03df0f6b-c374-4c55-a473-a26a5c2e8723,high_InSe,2.0,1.0,3.0,InSe_0.02083,0.9054500000000019
InSe_In72Se69S2_86070b16-131b-49cc-ae22-a054d2f09d26,high_InSe,1.0,2.0,3.0,InSe_0.02083,1.12425
InSe_In71Se70_e164ebd7-7577-4c8f-9836-da2ca4e0044c,high_InSe,3.0,0.0,3.0,InSe_0.02083,0.825050000000001
InSe_In71Se70S1_845764dc-efe8-49cb-9465-cef4f91e3241,high_InSe,2.0,1.0,3.0,InSe_0.02083,0.8324499999999997
InSe_In70Se71_a460eda1-af40-4081-a2b1-7bb63018ba04,high_InSe,3.0,0.0,3.0,InSe_0.02083,0.7482000000000006
InSe_In70Ga1Se71_5f09ae5e-6775-4556-bd76-6f1cd44463c4,high_InSe,2.0,1.0,3.0,InSe_0.02083,1.1175999999999995
InSe_In69Ga2Se72_bc82e59b-8b25-4f85-b4b1-18785cc5be53,high_InSe,1.0,2.0,3.0,InSe_0.02083,1.1901499999999992
InSe_In72Se69S3_eb9eec3a-bfff-4a24-be42-b77eb539003e,high_InSe,0.0,3.0,3.0,InSe_0.02083,1.34455
InSe_In71Ga1Se70S1_2c498915-6f89-4052-a69e-e1abbd55b70f,high_InSe,1.0,2.0,3.0,InSe_0.02083,1.1300999999999988
InSe_In70Ga2Se71S1_241541e8-1345-402a-acfb-781d3c181021,high_InSe,0.0,3.0,3.0,InSe_0.02083,1.2936999999999994
InSe_In71Se70S1_58e31e10-fc54-4ea0-8f97-2aab2c83f700,high_InSe,2.0,1.0,3.0,InSe_0.02083,0.963000000000001
InSe_In71Ga1Se70_904a71cd-2986-4407-90da-96280f8d4dda,high_InSe,2.0,1.0,3.0,InSe_0.02083,0.9832000000000001
InSe_In69Ga1Se72_63f39973-2261-44d9-a716-edbd7e5a5969,high_InSe,2.0,1.0,3.0,InSe_0.02083,1.1820000000000004
InSe_In69Se72_84a44b24-cfd0-43bc-8854-1b34a9353866,high_InSe,3.0,0.0,3.0,InSe_0.02083,1.129199999999999
InSe_In70Ga1Se71_3266b85a-393a-4cbc-a4f2-9168953914eb,high_InSe,2.0,1.0,3.0,InSe_0.02083,1.1602499999999996
InSe_In69Se72_8e7148c7-2492-4889-b6ae-b0a11892df0a,high_InSe,3.0,0.0,3.0,InSe_0.02083,1.161900000000001
InSe_In72Se69S1_c8db63b2-8d44-4d75-bae8-be5fd40bc75a,high_InSe,2.0,1.0,3.0,InSe_0.02083,1.0787999999999993
InSe_In71Ga1Se70S1_e6913635-b902-4413-87b3-2322352681c9,high_InSe,1.0,2.0,3.0,InSe_0.02083,1.1339500000000005
InSe_In70Ga2Se71S1_ac234f54-bc9a-4a13-b786-bbdcb1fe3d11,high_InSe,0.0,3.0,3.0,InSe_0.02083,1.3116499999999984
InSe_In70Se71S1_1088c385-441e-48c0-b9da-2904af84cd4f,high_InSe,2.0,1.0,3.0,InSe_0.02083,1.1340000000000003
InSe_In70Ga2Se71S1_2f14a733-1591-4aa2-943c-dbbb0b92628d,high_InSe,0.0,3.0,3.0,InSe_0.02083,1.2959999999999994
InSe_In70Ga1Se71_c40dabdb-2b45-4ed8-b232-ff166b5e4858,high_InSe,2.0,1.0,3.0,InSe_0.02083,0.95275
InSe_In71Ga1Se70S2_6ef3fb74-93ce-4b65-9c20-cc762d72765c,high_InSe,0.0,3.0,3.0,InSe_0.02083,1.3205999999999989
InSe_In71Se70S1_3c93b49e-7e8f-4e5b-9fe8-13591aac7217,high_InSe,2.0,1.0,3.0,InSe_0.02083,0.9444999999999997
InSe_In71Se70S1_a6c323e0-2482-4902-b7e2-5f1656e59c11,high_InSe,2.0,1.0,3.0,InSe_0.02083,1.1188000000000002
InSe_In70Ga2Se71S1_aaa7258e-e9ce-473d-bd68-63beda1be735,high_InSe,0.0,3.0,3.0,InSe_0.02083,1.308399999999999
InSe_In70Ga1Se71S1_a928fddd-771a-451e-a323-caf7811f65af,high_InSe,1.0,2.0,3.0,InSe_0.02083,1.1922499999999996
InSe_In70Se71S1_ba6841ee-8e20-4432-b7bd-96456ad75188,high_InSe,2.0,1.0,3.0,InSe_0.02083,1.1683000000000003
InSe_In71Se66S3_6da482b0-4572-4bd5-b518-6797f8afe9c4,high_InSe,4.0,3.0,7.0,InSe_0.04861,0.8548999999999989
InSe_In68Ga4Se69S1_b3db9300-618a-43ec-839f-bfcf6b67bac9,high_InSe,2.0,5.0,7.0,InSe_0.04861,0.9014999999999986
InSe_In69Ga2Se68S4_7ebcc5b8-fb57-4cef-b32b-efccabc45bec,high_InSe,1.0,6.0,7.0,InSe_0.04861,1.1650500000000008
InSe_In68Se69S1_a04569d9-9160-4725-bfd3-5b5ae5213fb7,high_InSe,6.0,1.0,7.0,InSe_0.04861,0.9644999999999992
InSe_In68Ga2Se69S1_2e4fd8f6-5528-4c3f-9a09-d784d1d36b93,high_InSe,4.0,3.0,7.0,InSe_0.04861,0.8318999999999992
InSe_In69Ga2Se68S1_f1525ff6-4b34-422c-bcab-29a1f4b947ff,high_InSe,4.0,3.0,7.0,InSe_0.04861,0.897199999999998
InSe_In68Ga2Se69S1_d77f45ac-5962-4cad-abff-9e47d1936268,high_InSe,4.0,3.0,7.0,InSe_0.04861,0.6646999999999998
InSe_In70Ga1Se67S2_eab342f2-0105-4413-af2d-9ab98af2fc47,high_InSe,4.0,3.0,7.0,InSe_0.04861,0.938600000000001
InSe_In68Ga3Se69S2_6022f84e-ea1b-413a-85b2-60ac25af70e6,high_InSe,2.0,5.0,7.0,InSe_0.04861,1.078899999999999
InSe_In68Ga1Se69S3_143f6fa1-7cdc-485b-b1a5-d4cc00304a67,high_InSe,3.0,4.0,7.0,InSe_0.04861,1.0589499999999994
InSe_In68Ga1Se69S3_e82cbc5e-a3f7-4337-ba44-3c454bf27848,high_InSe,3.0,4.0,7.0,InSe_0.04861,1.0992999999999977
InSe_In69Ga2Se68S2_89c3501d-0054-4fbb-b327-a5cea367a4b6,high_InSe,3.0,4.0,7.0,InSe_0.04861,0.5983999999999998
InSe_In66Ga4Se71S1_3c9f0303-3f15-4c27-8aad-67f60515531d,high_InSe,2.0,5.0,7.0,InSe_0.04861,1.1276500000000027
InSe_In68Ga2Se69S1_5a7a01b3-5210-4857-9151-4b2e5b8f58a0,high_InSe,4.0,3.0,7.0,InSe_0.04861,1.0280000000000005
InSe_In70Ga1Se67S3_8c98a293-d825-48a7-99c3-e387388b11b9,high_InSe,3.0,4.0,7.0,InSe_0.04861,1.0912000000000006
InSe_In67Ga3Se70S1_f6805daf-878a-445d-9c0b-ab56e7f5f16a,high_InSe,3.0,4.0,7.0,InSe_0.04861,0.2281999999999993
InSe_In69Ga2Se68S3_21c1f8e5-f417-4d01-abc5-c6238718f3ac,high_InSe,2.0,5.0,7.0,InSe_0.04861,0.76755
InSe_In71Se66S3_bce4a7e6-9ff5-4f15-9f2d-f47962f88711,high_InSe,4.0,3.0,7.0,InSe_0.04861,1.0061000000000018
InSe_In67Ga2Se70S1_6c214156-4fc8-4266-93f8-588a8db7deff,high_InSe,4.0,3.0,7.0,InSe_0.04861,0.9595000000000002
InSe_In69Ga1Se68S3_adab05f5-553b-45b5-841d-37d63680916f,high_InSe,3.0,4.0,7.0,InSe_0.04861,0.3550999999999984
InSe_In67Ga4Se70_f4ab9b88-ba67-4ab7-94e8-49698d75a251,high_InSe,3.0,4.0,7.0,InSe_0.04861,0.30794999999999995
InSe_In71Ga1Se66S4_dd259038-5408-4437-9dba-2a0ec6547023,high_InSe,2.0,5.0,7.0,InSe_0.04861,1.046800000000001
InSe_In67Ga3Se70S1_e3685e54-6ca3-4636-b83a-516309517dfc,high_InSe,3.0,4.0,7.0,InSe_0.04861,1.1012000000000004
InSe_In68Ga2Se69S1_46975865-c27c-4407-b8b9-c20e6a3a6881,high_InSe,4.0,3.0,7.0,InSe_0.04861,0.6526999999999994
InSe_In71Se66S2_3841918a-9b15-41ce-983d-1e651815fca8,high_InSe,5.0,2.0,7.0,InSe_0.04861,0.6182499999999997
InSe_In69Ga3Se68S2_65e29e1c-1d3d-471e-bd87-3a3792f77800,high_InSe,2.0,5.0,7.0,InSe_0.04861,1.0723000000000003
InSe_In71Ga1Se66S2_3fc031b3-fd06-4e21-9b26-875b04d71839,high_InSe,4.0,3.0,7.0,InSe_0.04861,0.5031999999999996
InSe_In68Se69S2_3c6800e0-d47e-41e2-b4ad-4aedf33f2a0f,high_InSe,5.0,2.0,7.0,InSe_0.04861,1.008750000000001
InSe_In67Ga3Se70S1_bb5f13ab-dda4-494f-a902-c168dd691628,high_InSe,3.0,4.0,7.0,InSe_0.04861,0.2896000000000001
InSe_In69Ga1Se68S3_8d10a7c3-06a1-4c7e-ae31-6e1ac9d693a7,high_InSe,3.0,4.0,7.0,InSe_0.04861,0.6814
InSe_In68Ga2Se69S2_00210059-155e-4d9c-b501-d2d7af9506bd,high_InSe,3.0,4.0,7.0,InSe_0.04861,0.6323999999999987
InSe_In67Ga1Se70S2_21109326-7b8d-4477-b10d-dd249c72a626,high_InSe,4.0,3.0,7.0,InSe_0.04861,1.052150000000001
InSe_In68Ga2Se69S1_c4e83829-640b-4456-9186-94fb2c336fbb,high_InSe,4.0,3.0,7.0,InSe_0.04861,0.7608000000000015
InSe_In69Ga2Se68S2_c9554217-2c41-4ed9-a896-b54bd441cf5c,high_InSe,3.0,4.0,7.0,InSe_0.04861,0.9776999999999987
InSe_In68Ga3Se69S2_638985e3-2c5c-41de-91a5-7b492d1b3fa8,high_InSe,2.0,5.0,7.0,InSe_0.04861,0.9289500000000004
InSe_In68Se69S1_d9b3943c-73f3-48ef-ad20-250fa566a172,high_InSe,6.0,1.0,7.0,InSe_0.04861,0.7474499999999988
InSe_In69Ga3Se68S1_2a96fe37-7720-4c93-a1be-b8e8a2bf643f,high_InSe,3.0,4.0,7.0,InSe_0.04861,0.9024999999999999
InSe_In66Ga2Se71_d7128ab4-222c-464e-81e6-970fd947b458,high_InSe,5.0,2.0,7.0,InSe_0.04861,0.7184999999999988
InSe_In68Ga1Se69_db78ef62-0c20-4cca-b140-88855a58301f,high_InSe,6.0,1.0,7.0,InSe_0.04861,0.7081
InSe_In68Ga2Se69S2_abef4c33-2f31-42b7-aa4f-01182c0b6460,high_InSe,3.0,4.0,7.0,InSe_0.04861,0.2513000000000023
InSe_In70Ga1Se67S4_c96f735f-e80d-4bab-afef-00348b376703,high_InSe,2.0,5.0,7.0,InSe_0.04861,1.1359499999999993
InSe_In68Ga3Se69S1_0fe4db07-f0e9-4734-b6b6-ff905e9abf64,high_InSe,3.0,4.0,7.0,InSe_0.04861,0.9465000000000003
InSe_In68Ga3Se69S1_89060146-c651-49e0-a343-151064086900,high_InSe,3.0,4.0,7.0,InSe_0.04861,0.7467499999999987
InSe_In67Ga1Se70S1_fe823c35-2a4b-4e40-bbd5-4e20aa9f9ea0,high_InSe,5.0,2.0,7.0,InSe_0.04861,0.6203500000000002
InSe_In69Ga2Se68S3_5abeabb1-b150-4056-81d8-419d0109404b,high_InSe,2.0,5.0,7.0,InSe_0.04861,0.9360500000000016
InSe_In68Ga2Se69S1_4acdd0eb-0cd1-497d-837f-5f80cab7e75f,high_InSe,4.0,3.0,7.0,InSe_0.04861,1.0494000000000003
InSe_In67Ga2Se70S1_7515c55a-5fb0-4d99-96a9-d4d8d8713e7b,high_InSe,4.0,3.0,7.0,InSe_0.04861,0.6643000000000008
InSe_In69Ga2Se68S1_8dfacdce-79cd-48db-a1e2-7ad2cfae0f18,high_InSe,4.0,3.0,7.0,InSe_0.04861,0.8798000000000012
InSe_In68Ga2Se69S1_a5ebba85-bdad-4882-ac12-4007cd5fd4f9,high_InSe,4.0,3.0,7.0,InSe_0.04861,0.7878999999999987
InSe_In67Ga1Se70S1_1a19f329-a908-44e3-87e4-3acf7db5adc1,high_InSe,5.0,2.0,7.0,InSe_0.04861,1.0346499999999992
InSe_In68Se69S2_9d81a019-e673-45c3-b3f1-d31863fa515b,high_InSe,5.0,2.0,7.0,InSe_0.04861,0.7348000000000017
InSe_In66Ga4Se71S1_7a793f24-23c9-4535-9eb7-05579f771f37,high_InSe,2.0,5.0,7.0,InSe_0.04861,1.1172500000000003
InSe_In69Se68S2_38421aaf-63ed-425c-9478-08ae55682046,high_InSe,5.0,2.0,7.0,InSe_0.04861,0.9702499999999983
InSe_In70Ga1Se67S3_d8f865e5-7a7f-42be-99ef-7b7df530e308,high_InSe,3.0,4.0,7.0,InSe_0.04861,1.0656000000000017
InSe_In67Ga5Se70S1_aac1a199-eb53-40cb-96bc-de6ccbd1122e,high_InSe,1.0,6.0,7.0,InSe_0.04861,0.9562999999999988
InSe_In68Ga2Se69_8f997e7a-1a39-4c12-b2c4-4d1a809d8ea3,high_InSe,5.0,2.0,7.0,InSe_0.04861,0.8755999999999986
InSe_In69Ga1Se68S3_e85099b5-362e-456a-b2da-8bc555e0fe81,high_InSe,3.0,4.0,7.0,InSe_0.04861,1.0654000000000003
InSe_In71Se66S3_4ecbcc90-1ee7-43c4-a02a-66c58d6f165b,high_InSe,4.0,3.0,7.0,InSe_0.04861,0.9443999999999981
InSe_In69Ga1Se68S2_9d3636c8-ed7f-4f80-9c16-e705f46eb87a,high_InSe,4.0,3.0,7.0,InSe_0.04861,0.9392999999999994
InSe_In69Ga2Se68S2_11e54617-c010-4b44-af8e-a5c5dabf646d,high_InSe,3.0,4.0,7.0,InSe_0.04861,1.022750000000002
InSe_In69Ga1Se68S2_059d8d93-09d1-45a0-a7b2-4135b1f3c61e,high_InSe,4.0,3.0,7.0,InSe_0.04861,0.7979999999999983
InSe_In69Se68S2_d08bca45-9c0b-4f4d-8cbc-6f53c2f34b48,high_InSe,5.0,2.0,7.0,InSe_0.04861,0.5998999999999999
InSe_In69Se68S1_be8b06fe-2b27-415b-9ddf-266195233ff7,high_InSe,6.0,1.0,7.0,InSe_0.04861,0.8752500000000012
InSe_In72Se65S3_66a747e9-a639-4e3a-a1ac-60d1936007a3,high_InSe,4.0,3.0,7.0,InSe_0.04861,0.7105999999999995
InSe_In67Ga3Se70_e5c53adf-003c-4777-8558-d311a7358e3c,high_InSe,4.0,3.0,7.0,InSe_0.04861,0.7914999999999992
InSe_In70Se67S3_a8facf45-6c98-43a6-b8ad-1b4d04a56ee3,high_InSe,4.0,3.0,7.0,InSe_0.04861,0.7575000000000003
InSe_In70Se67S3_1353f84d-d9ab-44ec-a94b-a50632d889ed,high_InSe,4.0,3.0,7.0,InSe_0.04861,0.35389999999999944
InSe_In68Ga2Se69S1_71ab01ef-d262-4fda-ac23-fbd19ab5b044,high_InSe,4.0,3.0,7.0,InSe_0.04861,0.7880000000000003
InSe_In67Ga3Se70S1_574f8e68-c567-4b58-bba4-5c6555f02989,high_InSe,3.0,4.0,7.0,InSe_0.04861,0.33199999999999896
InSe_In68Ga1Se69S2_23ef7e73-0261-43d5-b486-a86b905ff5ed,high_InSe,4.0,3.0,7.0,InSe_0.04861,0.902099999999999
InSe_In67Ga4Se70S1_12d08591-4240-4a4a-a611-442d1fe534c1,high_InSe,2.0,5.0,7.0,InSe_0.04861,1.0531000000000006
InSe_In69Ga2Se68S2_ab637b0d-8cc3-499e-bad9-3816e1699532,high_InSe,3.0,4.0,7.0,InSe_0.04861,0.5896500000000007
InSe_In67Ga3Se70S1_a6e2e26d-214c-451d-b0aa-0bc7cc0b0578,high_InSe,3.0,4.0,7.0,InSe_0.04861,0.6837000000000018
InSe_In71Se66S4_100720fe-7180-4da6-a19d-87dc620f3749,high_InSe,3.0,4.0,7.0,InSe_0.04861,0.8231999999999999
InSe_In68Ga3Se69S1_184906a2-b129-4c7e-8152-40ea60c48d61,high_InSe,3.0,4.0,7.0,InSe_0.04861,0.6050500000000021
InSe_In68Ga1Se69S2_9941c658-96b8-4424-b960-e299c5c7212a,high_InSe,4.0,3.0,7.0,InSe_0.04861,0.8481500000000022
InSe_In69Ga2Se68S2_3e288943-5853-4efb-916b-e51f8a35dd32,high_InSe,3.0,4.0,7.0,InSe_0.04861,0.05245000000000033
InSe_In70Se67S4_1ebd3e4e-f719-4e5b-bb50-6f4edf4a22ba,high_InSe,3.0,4.0,7.0,InSe_0.04861,0.9390000000000001
InSe_In69Ga2Se68S3_81ae5cc4-cc2e-4d4c-a584-4c733c26cfc3,high_InSe,2.0,5.0,7.0,InSe_0.04861,0.9189999999999987
InSe_In68Ga1Se69S2_45d4798f-6a08-498d-b112-ae5f8dd14041,high_InSe,4.0,3.0,7.0,InSe_0.04861,1.1020000000000003
InSe_In71Se66S4_14a256f4-d5a9-4dc2-8e9b-ee963d2b257c,high_InSe,3.0,4.0,7.0,InSe_0.04861,0.9558500000000016
InSe_In66Ga5Se71S1_0094c69b-73b6-4191-adba-c4f7bc4491f5,high_InSe,1.0,6.0,7.0,InSe_0.04861,1.1337500000000027
InSe_In68Ga2Se69S2_65bf278a-ad65-42cb-9cd1-3b61c6aeadcb,high_InSe,3.0,4.0,7.0,InSe_0.04861,0.7155999999999985
InSe_In69Se68S3_766b9544-8147-4bb6-b85d-7967147be240,high_InSe,4.0,3.0,7.0,InSe_0.04861,0.8082499999999992
InSe_In70Ga1Se67S3_61ddc6d8-9de0-474e-8557-edc3655fd527,high_InSe,3.0,4.0,7.0,InSe_0.04861,0.558250000000001
InSe_In71Se66S1_e1b3d15e-85d9-492f-8f76-dfd09b2583b0,high_InSe,6.0,1.0,7.0,InSe_0.04861,0.7395500000000013
InSe_In69Ga2Se68S3_07be72ea-e785-4d47-a6b4-8957251ea950,high_InSe,2.0,5.0,7.0,InSe_0.04861,0.9339500000000012
InSe_In68Ga1Se69_327f3204-dcfa-4397-bd01-87ce89373597,high_InSe,6.0,1.0,7.0,InSe_0.04861,0.3583499999999997
InSe_In70Se67S4_504f56bb-00a8-435d-b93e-e806113e0751,high_InSe,3.0,4.0,7.0,InSe_0.04861,0.28054999999999986
InSe_In68Ga2Se69S2_d4deebd9-a049-4d44-b6f2-062bb7bb9dd9,high_InSe,3.0,4.0,7.0,InSe_0.04861,0.6819000000000006
InSe_In68Ga3Se69S2_e899848b-3799-4a8a-a2a0-ce13e62eb666,high_InSe,2.0,5.0,7.0,InSe_0.04861,1.0632500000000018
InSe_In71Ga1Se66S5_a545d6ff-b67c-47b6-9e1a-78cc6f94294a,high_InSe,1.0,6.0,7.0,InSe_0.04861,1.0786000000000016
InSe_In69Ga3Se68S2_d74a2689-788f-4bfe-b99e-2b32c9c162a6,high_InSe,2.0,5.0,7.0,InSe_0.04861,0.8646000000000011
InSe_In66Ga2Se71S1_cf8259b3-a359-4295-81c0-2757ca155602,high_InSe,4.0,3.0,7.0,InSe_0.04861,0.9749999999999996
InSe_In69Se68S1_b6f85f0b-021d-427d-9be1-0c4939ad9729,high_InSe,6.0,1.0,7.0,InSe_0.04861,0.6099500000000013
InSe_In68Ga2Se69S1_9a87f677-0b80-47c3-a1a3-510f15e02867,high_InSe,4.0,3.0,7.0,InSe_0.04861,0.8977499999999985
InSe_In68Ga1Se69S3_c24aa3c6-f604-4f4f-bee6-09322c9b2194,high_InSe,3.0,4.0,7.0,InSe_0.04861,1.0130999999999997
InSe_In69Se68S2_eb4c9c2d-3fda-4b19-a1e1-6273f3ed4bab,high_InSe,5.0,2.0,7.0,InSe_0.04861,0.543000000000001
InSe_In68Ga3Se69S1_ea3a700b-e5a8-4111-9650-199af4bc9fba,high_InSe,3.0,4.0,7.0,InSe_0.04861,1.0636500000000009
InSe_In69Ga2Se68S3_fd576b5e-2471-412e-8c9e-eb3f15a0274c,high_InSe,2.0,5.0,7.0,InSe_0.04861,0.8762000000000008
InSe_In66Ga2Se68_51391064-e9a6-4e7b-8e51-90bbbd04766c,high_InSe,8.0,2.0,10.0,InSe_0.06944,0.6440000000000019
InSe_In67Ga1Se67S2_74f9a701-cf32-44ab-9184-4ed7708a7d8d,high_InSe,7.0,3.0,10.0,InSe_0.06944,0.6808999999999994
InSe_In68Ga2Se66S4_47be2ecf-3685-4e3a-af7d-79c42ae13d0c,high_InSe,4.0,6.0,10.0,InSe_0.06944,0.8671000000000006
InSe_In64Ga3Se70_fb63dd9c-e2f4-4687-92b4-514568f31948,high_InSe,7.0,3.0,10.0,InSe_0.06944,0.6437500000000007
InSe_In65Ga4Se69S2_3e9a1734-ace9-4755-964d-0096dfcf151b,high_InSe,4.0,6.0,10.0,InSe_0.06944,0.6950499999999984
InSe_In67Se67S2_9210a93f-9242-4092-b0dd-bd61622b7a67,high_InSe,8.0,2.0,10.0,InSe_0.06944,0.9256000000000011
InSe_In71Se63S4_6c8bc773-62e2-4011-8347-d2babd33778b,high_InSe,6.0,4.0,10.0,InSe_0.06944,0.4955999999999996
InSe_In64Ga5Se70S1_52c682a2-6d1a-44f6-8abe-a663081247bd,high_InSe,4.0,6.0,10.0,InSe_0.06944,0.9323499999999996
InSe_In68Ga1Se66S2_21c58b3b-f2c7-482b-9031-96bf7d80139f,high_InSe,7.0,3.0,10.0,InSe_0.06944,0.9978999999999978
InSe_In67Ga4Se67S1_f9dc69be-0479-40d7-981f-17f12dc1451d,high_InSe,5.0,5.0,10.0,InSe_0.06944,0.7541000000000011
InSe_In66Ga5Se68S2_21a1ed38-3631-4548-a8a0-4495cea73989,high_InSe,3.0,7.0,10.0,InSe_0.06944,0.9388499999999986
InSe_In63Ga5Se71S1_150dd34e-6bcd-4f82-97e7-f5fb42ea1d83,high_InSe,4.0,6.0,10.0,InSe_0.06944,0.9259999999999984
InSe_In65Ga3Se69S2_79ed88bc-dd05-4b52-93e6-a6049fdeff86,high_InSe,5.0,5.0,10.0,InSe_0.06944,0.8439499999999995
InSe_In67Ga3Se67S2_343324b8-d1f0-4298-92f6-db5337d884b9,high_InSe,5.0,5.0,10.0,InSe_0.06944,0.9715999999999987
InSe_In66Ga2Se68S2_a2dde43b-6598-46a0-be08-68bffbc939eb,high_InSe,6.0,4.0,10.0,InSe_0.06944,0.8022999999999989
InSe_In67Ga2Se67S2_5f1091d4-5cb2-4865-959a-5c766bf76a4b,high_InSe,6.0,4.0,10.0,InSe_0.06944,0.8206500000000005
InSe_In66Ga5Se68S2_ffa1a90f-ce0b-4cd0-85d4-050a6b895f62,high_InSe,3.0,7.0,10.0,InSe_0.06944,0.6312499999999996
InSe_In65Ga3Se69S2_47841122-201f-4785-bd3d-0338a0381fe4,high_InSe,5.0,5.0,10.0,InSe_0.06944,0.9106500000000004
InSe_In67Ga3Se67S2_0cb58782-bec7-486a-be49-5205324bd92b,high_InSe,5.0,5.0,10.0,InSe_0.06944,0.5996500000000005
InSe_In66Ga4Se68S2_8d2a1468-0070-4fb1-9041-46b8562e6980,high_InSe,4.0,6.0,10.0,InSe_0.06944,0.7533999999999992
InSe_In68Ga1Se66S2_7f225c25-9b7d-4975-9977-f8278d4ffeb6,high_InSe,7.0,3.0,10.0,InSe_0.06944,0.6391500000000008
InSe_In71Se63S4_941ea893-9ec4-4b9e-bfdb-b8d27ff9a7d2,high_InSe,6.0,4.0,10.0,InSe_0.06944,0.6181999999999999
InSe_In67Se67S2_a17dcb4b-cb2c-4225-acf4-b095ac771d08,high_InSe,8.0,2.0,10.0,InSe_0.06944,0.3703500000000002
InSe_In66Ga5Se68S2_0120cef7-830f-43dc-841c-c7f4036e200a,high_InSe,3.0,7.0,10.0,InSe_0.06944,0.6550499999999992
InSe_In65Ga3Se69_de7e07d2-e514-41f9-96bd-b1e97fd5e858,high_InSe,7.0,3.0,10.0,InSe_0.06944,1.0010000000000012
InSe_In65Ga2Se69S2_48fa4591-75bb-455d-9e3c-543371460400,high_InSe,6.0,4.0,10.0,InSe_0.06944,1.0119499999999988
InSe_In65Ga2Se69S2_eaa707c4-9164-4bbe-8de3-07aa4da1d8a3,high_InSe,6.0,4.0,10.0,InSe_0.06944,0.7408000000000019
InSe_In65Ga4Se69S3_85f16f33-71c6-4b5c-8acc-660ec7402286,high_InSe,3.0,7.0,10.0,InSe_0.06944,1.0429499999999976
InSe_In67Ga3Se67S4_791a4c36-2001-416a-ae83-926c66e3e06f,high_InSe,3.0,7.0,10.0,InSe_0.06944,0.22769999999999868
InSe_In68Ga3Se66S1_0cb5d341-a87d-4d79-8626-f694c3b0d94f,high_InSe,6.0,4.0,10.0,InSe_0.06944,0.11680000000000135
InSe_In68Ga3Se66S2_d214b16e-f609-4ca8-a018-79f002f013a7,high_InSe,5.0,5.0,10.0,InSe_0.06944,0.8407499999999999
InSe_In67Ga5Se67S2_96b441f0-ec8f-4fd0-8c56-c34e08eaa645,high_InSe,3.0,7.0,10.0,InSe_0.06944,0.8523999999999994
InSe_In68Ga3Se66S3_31dd71a0-9b93-4b6b-9d9d-984a160ae36f,high_InSe,4.0,6.0,10.0,InSe_0.06944,0.6994500000000006
InSe_In67Ga2Se67S3_33fd464e-000f-4496-86d7-4516a96449e7,high_InSe,5.0,5.0,10.0,InSe_0.06944,0.8405000000000005
InSe_In66Ga5Se68S3_63753c0f-813a-494f-b18c-3a7e1ac0dcdc,high_InSe,2.0,8.0,10.0,InSe_0.06944,1.0169500000000014
InSe_In68Ga2Se66S4_007da021-e3fd-45b8-8203-1f2bd5fd3df0,high_InSe,4.0,6.0,10.0,InSe_0.06944,0.8646000000000011
InSe_In66Ga4Se68S2_7f9654b5-f45d-4647-a006-69a553eafb2e,high_InSe,4.0,6.0,10.0,InSe_0.06944,0.7778000000000009
InSe_In65Ga4Se69_1e9900e7-5fb1-4f04-aa88-601fddf03461,high_InSe,6.0,4.0,10.0,InSe_0.06944,0.6476000000000006
InSe_In67Ga2Se67S2_96f286dd-bb37-4ab2-9e1c-5267ee26e156,high_InSe,6.0,4.0,10.0,InSe_0.06944,0.6718000000000011
InSe_In69Se65S4_9675419d-f871-4965-855f-ba45f4eae378,high_InSe,6.0,4.0,10.0,InSe_0.06944,0.6652500000000003
InSe_In70Ga1Se64S4_fdf8627d-c5ae-4786-9f0e-2e1175401b41,high_InSe,5.0,5.0,10.0,InSe_0.06944,0.4606500000000011
InSe_In67Ga2Se67S3_72e2b0fa-5b2e-435d-a3be-9115bd0aec1b,high_InSe,5.0,5.0,10.0,InSe_0.06944,0.7702000000000009
InSe_In66Ga1Se68S3_ea1b639c-0248-4d59-a8dc-a3c907f1b01d,high_InSe,6.0,4.0,10.0,InSe_0.06944,0.9681499999999978
InSe_In67Ga2Se67S2_d835ba40-56da-41aa-97ab-177ffedaa14e,high_InSe,6.0,4.0,10.0,InSe_0.06944,0.6249500000000001
InSe_In65Ga2Se69_0c69e417-ff2e-4ada-8b67-66d89b4305ed,high_InSe,8.0,2.0,10.0,InSe_0.06944,0.6543499999999991
InSe_In65Ga5Se69S1_ed566223-584b-43c3-ab82-53529f495fee,high_InSe,4.0,6.0,10.0,InSe_0.06944,0.7058999999999997
InSe_In68Ga4Se66S4_17892c61-0616-4a28-b527-58ebf085ca1f,high_InSe,2.0,8.0,10.0,InSe_0.06944,0.9818999999999996
InSe_In68Se66S3_a2acf09b-4195-4666-be20-b7c165de76fd,high_InSe,7.0,3.0,10.0,InSe_0.06944,0.3803000000000001
InSe_In70Ga2Se64S3_db67fa8b-dc80-4c20-af28-b7654a1fc731,high_InSe,5.0,5.0,10.0,InSe_0.06944,0.8170000000000002
InSe_In67Ga1Se67S3_d9d2afa0-90e9-4f94-8ba7-54ec1056ef85,high_InSe,6.0,4.0,10.0,InSe_0.06944,0.2683
InSe_In68Ga2Se66S4_06f672b6-fb17-4604-90ee-44027669ee3a,high_InSe,4.0,6.0,10.0,InSe_0.06944,0.6503999999999976
InSe_In67Ga3Se67S3_2bbdf6a1-4fbc-44e0-9ef6-63a422b83b44,high_InSe,4.0,6.0,10.0,InSe_0.06944,0.5601999999999983
InSe_In67Ga2Se67S1_a38f747f-d5c5-47f5-b8fc-65d3367ae32a,high_InSe,7.0,3.0,10.0,InSe_0.06944,0.8939500000000002
InSe_In67Ga2Se67S2_6a905c27-234d-4361-a17d-35ef990ed8fa,high_InSe,6.0,4.0,10.0,InSe_0.06944,0.13094999999999857
InSe_In65Ga3Se69S2_85bbe2dc-38e7-41a7-843b-095367cfbd7b,high_InSe,5.0,5.0,10.0,InSe_0.06944,0.68215
InSe_In69Ga1Se65S4_2e71e61a-40fd-4bd7-9be6-8359b94cb2c0,high_InSe,5.0,5.0,10.0,InSe_0.06944,0.7212999999999994
InSe_In66Ga2Se68S2_7a842e8b-42fe-4bac-92d8-63f042867746,high_InSe,6.0,4.0,10.0,InSe_0.06944,0.561300000000001
InSe_In65Ga4Se69S3_de1432a7-f232-4022-ad6b-4589be7bab68,high_InSe,3.0,7.0,10.0,InSe_0.06944,1.065100000000001
InSe_In67Ga2Se67S4_9c44d5b2-e887-4709-be3b-3e000db95489,high_InSe,4.0,6.0,10.0,InSe_0.06944,0.5577500000000004
InSe_In68Ga1Se66S2_fa14e14d-25c8-425f-afdb-65ed57f08c35,high_InSe,7.0,3.0,10.0,InSe_0.06944,0.623149999999999
InSe_In66Ga5Se68S2_09991265-72e5-412d-85a2-d14a280f2360,high_InSe,3.0,7.0,10.0,InSe_0.06944,0.9955999999999996
InSe_In69Ga2Se65S5_0683a8c6-b05d-4b3f-b875-73328ba667c9,high_InSe,3.0,7.0,10.0,InSe_0.06944,0.9654000000000007
InSe_In65Ga4Se69_2aececdf-a2e5-484c-a419-9702500d4f18,high_InSe,6.0,4.0,10.0,InSe_0.06944,0.7997499999999995
InSe_In66Ga4Se68S1_6b9360b4-9b70-4feb-acc9-52f79b547dd9,high_InSe,5.0,5.0,10.0,InSe_0.06944,0.5690000000000008
InSe_In66Ga1Se68S3_c763548f-5c21-4e5e-a6f0-92e6ef6f7ef5,high_InSe,6.0,4.0,10.0,InSe_0.06944,1.0090000000000003
InSe_In68Ga3Se66S5_bdfd98a3-3c9c-4b48-9050-7f84e35cfb23,high_InSe,2.0,8.0,10.0,InSe_0.06944,0.9242999999999988
InSe_In67Ga3Se67S3_4c4be145-5247-4f42-ac10-9b0725d506f0,high_InSe,4.0,6.0,10.0,InSe_0.06944,0.6861999999999995
InSe_In67Ga1Se67S1_f32a8b16-3a3c-4e55-b79c-76abc7c4ad0a,high_InSe,8.0,2.0,10.0,InSe_0.06944,0.6420999999999992
InSe_In68Ga3Se66S2_704189b8-639e-4cd1-a02d-738371bf5e39,high_InSe,5.0,5.0,10.0,InSe_0.06944,0.27619999999999933
InSe_In67Ga3Se67S3_0370b267-73f4-4a9b-a6ea-e4e42322d1f9,high_InSe,4.0,6.0,10.0,InSe_0.06944,0.6762499999999996
InSe_In66Ga4Se68S1_8444248a-8503-4896-9cd1-a4c159041939,high_InSe,5.0,5.0,10.0,InSe_0.06944,0.5497500000000013
InSe_In68Ga2Se66S1_5ae41d2d-2e38-4ee2-9088-7b0746e21338,high_InSe,7.0,3.0,10.0,InSe_0.06944,0.2494999999999994
InSe_In64Ga5Se70_ad42b06c-672e-4746-aef4-09be7eafbd28,high_InSe,5.0,5.0,10.0,InSe_0.06944,0.6639999999999979
InSe_In68Ga1Se66S2_8c5cb461-4343-4673-86f8-132db90263b2,high_InSe,7.0,3.0,10.0,InSe_0.06944,0.5912500000000005
InSe_In68Ga4Se66S3_4319f442-a5d7-48da-9cb7-720b7b4c0b7e,high_InSe,3.0,7.0,10.0,InSe_0.06944,0.825899999999999
InSe_In67Ga4Se67S3_aeb8384a-6085-4e69-9eb4-25411b55c64b,high_InSe,3.0,7.0,10.0,InSe_0.06944,0.9718999999999998
InSe_In66Ga3Se68S4_1e2b8456-9a03-4399-81d1-2faa00b2cb9d,high_InSe,3.0,7.0,10.0,InSe_0.06944,0.7973499999999998
InSe_In67Ga2Se67S2_d731a997-14c5-486e-93bf-581fdb25d43c,high_InSe,6.0,4.0,10.0,InSe_0.06944,0.7523499999999999
InSe_In68Ga2Se66S3_2993495b-fcac-405d-9e25-3c2e11e8f4bc,high_InSe,5.0,5.0,10.0,InSe_0.06944,0.40720000000000134
InSe_In68Ga3Se66S2_2bc084b7-b3b7-40ba-9ab4-aea6be8a1ba3,high_InSe,5.0,5.0,10.0,InSe_0.06944,0.4278499999999994
InSe_In70Ga2Se64S5_e312ee0b-552f-44d6-aefa-365928e517a8,high_InSe,3.0,7.0,10.0,InSe_0.06944,0.9890999999999988
InSe_In67Ga3Se67S4_3349e724-23b1-44dc-beff-51aba3528e99,high_InSe,3.0,7.0,10.0,InSe_0.06944,0.8099999999999987
InSe_In68Ga2Se66S4_6c78906a-c246-418f-8ec9-ba54c47ffc16,high_InSe,4.0,6.0,10.0,InSe_0.06944,0.2654999999999994
InSe_In67Ga4Se67S2_745515de-4149-4938-915a-394e1c36e10b,high_InSe,4.0,6.0,10.0,InSe_0.06944,0.7304500000000012
InSe_In66Ga3Se68S1_3d59bd4a-29a0-4d9e-95d6-5ec6b16a8b1e,high_InSe,6.0,4.0,10.0,InSe_0.06944,0.8529499999999999
InSe_In63Ga4Se71S1_209595a5-c609-4c4c-970a-bb640e82edfe,high_InSe,5.0,5.0,10.0,InSe_0.06944,0.893699999999999
InSe_In67Ga2Se67S3_fede82a7-239f-475f-9a26-f4b49b1efb6c,high_InSe,5.0,5.0,10.0,InSe_0.06944,0.8848000000000003
InSe_In68Ga2Se66S1_560a7667-3d1b-4dc4-b21a-91a1f19aa4c7,high_InSe,7.0,3.0,10.0,InSe_0.06944,0.23909999999999876
InSe_In66Ga4Se68S2_a97bae75-56a7-440a-97ba-97c74c463b9a,high_InSe,4.0,6.0,10.0,InSe_0.06944,0.7890999999999977
InSe_In65Ga3Se69S1_4b62b275-24b9-4b71-9ca0-b4c791b120a7,high_InSe,6.0,4.0,10.0,InSe_0.06944,0.23224999999999874
InSe_In69Ga1Se65S4_f92c5a53-9b15-46a5-a698-8542d5980170,high_InSe,5.0,5.0,10.0,InSe_0.06944,0.4178000000000015
InSe_In68Ga1Se66S2_17553102-692f-447b-924c-00105f6eb6b9,high_InSe,7.0,3.0,10.0,InSe_0.06944,0.7927
InSe_In67Ga2Se67S3_883d14d3-c0d7-4804-8f97-4244aec76b09,high_InSe,5.0,5.0,10.0,InSe_0.06944,0.6069500000000012
InSe_In70Ga1Se64S3_8080dd31-86a5-40f0-af57-9fb452856e4e,high_InSe,6.0,4.0,10.0,InSe_0.06944,0.3290999999999986
InSe_In67Ga2Se67S3_28f7728d-3ce1-4ad0-973e-b255f3cdfc89,high_InSe,5.0,5.0,10.0,InSe_0.06944,0.5581999999999994
InSe_In68Ga2Se66S4_8fd445e8-5bbb-4adf-b529-deb9414f289d,high_InSe,4.0,6.0,10.0,InSe_0.06944,0.7035999999999998
InSe_In67Ga4Se67S2_d89c8e7e-c9aa-4b81-93ea-0a066555c49a,high_InSe,4.0,6.0,10.0,InSe_0.06944,0.9484999999999992
InSe_In66Ga4Se68S3_7c7bf945-2dbd-41cd-af14-b701adf4c6ed,high_InSe,3.0,7.0,10.0,InSe_0.06944,0.5621999999999989
InSe_In66Ga4Se68S3_479426f4-119b-4d94-ad18-bd144f4aff09,high_InSe,3.0,7.0,10.0,InSe_0.06944,0.27639999999999887
InSe_In68Ga2Se66S4_b25a1caa-66f0-4e40-948b-04e92db1daad,high_InSe,4.0,6.0,10.0,InSe_0.06944,0.5468499999999992
InSe_In67Ga1Se63S4_89467518-9e19-442c-a1fc-6a3c00b9037f,high_InSe,9.0,5.0,14.0,InSe_0.09722,0.5884
InSe_In62Ga5Se68S2_2ac32374-472f-4bff-9d5e-b3ebed8b3065,high_InSe,7.0,7.0,14.0,InSe_0.09722,0.9459499999999998
InSe_In64Ga3Se66S4_ef080f0d-f80e-4bac-bdbd-106b4da69905,high_InSe,7.0,7.0,14.0,InSe_0.09722,0.6353000000000009
InSe_In67Ga3Se63S5_45e955d2-5eba-4d24-9e4f-41e530c0ce6c,high_InSe,6.0,8.0,14.0,InSe_0.09722,0.7765999999999984
InSe_In63Ga4Se67S2_d00b8f70-e282-4011-83ac-a69ca9379c85,high_InSe,8.0,6.0,14.0,InSe_0.09722,0.6994000000000007
InSe_In65Ga4Se65S3_0016e3dc-5cb2-4b34-9954-33c4221032d1,high_InSe,7.0,7.0,14.0,InSe_0.09722,0.9529499999999995
InSe_In66Ga3Se64S3_1d669008-826e-4da0-9957-af2b571d47a2,high_InSe,8.0,6.0,14.0,InSe_0.09722,0.3213500000000007
InSe_In64Ga3Se66S4_7729ad4e-636e-4b14-a6ec-7608374eda3e,high_InSe,7.0,7.0,14.0,InSe_0.09722,0.6145499999999995
InSe_In65Ga3Se65S4_cd5fa249-3106-4c92-8aaa-5d4d60a93627,high_InSe,7.0,7.0,14.0,InSe_0.09722,0.8211999999999993
InSe_In65Ga2Se65S5_7a5c8996-593a-47b1-9a63-33f1c475a3f7,high_InSe,7.0,7.0,14.0,InSe_0.09722,0.6234500000000018
InSe_In64Ga3Se66S4_1a28a7fe-2e9a-4cda-bb09-b13b0cc4add2,high_InSe,7.0,7.0,14.0,InSe_0.09722,0.9266499999999986
InSe_In67Ga3Se63S4_ed9b6a88-b9df-4a62-9e29-93e64dd51c22,high_InSe,7.0,7.0,14.0,InSe_0.09722,0.8487999999999989
InSe_In68Ga2Se62S5_35afd7a6-ae26-4dad-8027-3d1da55e41ad,high_InSe,7.0,7.0,14.0,InSe_0.09722,0.1355999999999984
InSe_In65Ga3Se65S4_fa77a407-1aae-4f79-862b-bb188ebf00d7,high_InSe,7.0,7.0,14.0,InSe_0.09722,0.8869999999999987
InSe_In65Ga3Se65S2_24b268df-9338-4519-8aa4-b5fd3cc55efd,high_InSe,9.0,5.0,14.0,InSe_0.09722,0.5934999999999988
InSe_In65Ga4Se65S2_161757a1-921f-47ad-baf2-56612ead0a7f,high_InSe,8.0,6.0,14.0,InSe_0.09722,0.474949999999998
InSe_In63Ga4Se67S2_eb9bbb76-81b1-4d09-99d9-ddb4de4443a8,high_InSe,8.0,6.0,14.0,InSe_0.09722,0.7737499999999997
InSe_In63Ga5Se67S2_b5a7e45b-6be7-4bae-8425-9bf1641002ba,high_InSe,7.0,7.0,14.0,InSe_0.09722,0.8294500000000014
InSe_In63Ga4Se67S4_2a32facb-0f83-4176-9e41-8f4de1a03fd3,high_InSe,6.0,8.0,14.0,InSe_0.09722,1.0009499999999996
InSe_In65Ga2Se65S3_bb05d3ed-2072-424e-bbe9-283526f350ca,high_InSe,9.0,5.0,14.0,InSe_0.09722,0.8432000000000013
InSe_In65Ga5Se65S4_f40f6a79-1be2-4f31-8603-7536aaea2c7e,high_InSe,5.0,9.0,14.0,InSe_0.09722,0.823500000000001
InSe_In64Ga3Se66S3_d3b746e6-fcfe-4d40-8919-931ddacdf890,high_InSe,8.0,6.0,14.0,InSe_0.09722,0.4133999999999993
InSe_In66Ga3Se64S4_a3b92621-0a5e-4388-9ab2-9b65d1fdb8be,high_InSe,7.0,7.0,14.0,InSe_0.09722,0.7584999999999997
InSe_In66Ga2Se64S5_c0234c9e-deab-4422-9d82-2aa1fca28b45,high_InSe,7.0,7.0,14.0,InSe_0.09722,0.5593000000000004
InSe_In65Ga5Se65S4_8c0deeab-1891-4f44-91b6-8ad8d7d9bae2,high_InSe,5.0,9.0,14.0,InSe_0.09722,0.7724000000000011
InSe_In64Ga5Se66S1_8a3cbece-b0b5-4a3a-b4ad-162cc0fedaec,high_InSe,8.0,6.0,14.0,InSe_0.09722,0.6109500000000008
InSe_In64Ga4Se66S3_f9fe1181-4524-451a-913e-a95786b7a088,high_InSe,7.0,7.0,14.0,InSe_0.09722,0.25519999999999854
InSe_In64Ga4Se66S4_e8c4394b-f30a-4cc9-92e6-0d3015adedff,high_InSe,6.0,8.0,14.0,InSe_0.09722,0.1980000000000004
InSe_In66Ga3Se64S5_a2c14d8f-1ade-4db3-a288-11dd5bff763f,high_InSe,6.0,8.0,14.0,InSe_0.09722,0.7773000000000003
InSe_In64Ga4Se66S3_7841cb93-06aa-4fc7-a5fb-bbcd24fc9ea8,high_InSe,7.0,7.0,14.0,InSe_0.09722,0.3248999999999995
InSe_In63Ga5Se67S3_fb289d1e-0769-46ac-a9d2-48d76400ea36,high_InSe,6.0,8.0,14.0,InSe_0.09722,0.9396999999999984
InSe_In67Ga2Se63S4_b77ea9b7-c3a2-4ed6-85aa-464ac866fdcc,high_InSe,8.0,6.0,14.0,InSe_0.09722,0.6609500000000015
InSe_In65Ga3Se65S4_afbe26ff-1595-4b56-a3d3-0e7d0017fbf7,high_InSe,7.0,7.0,14.0,InSe_0.09722,0.7417999999999978
InSe_In68Ga2Se62S5_710b9b12-1888-4b51-aa0b-43a3b5911146,high_InSe,7.0,7.0,14.0,InSe_0.09722,0.6763999999999992
InSe_In62Ga5Se68S2_751a48b9-82cc-4d2a-8fc4-9523ddc76681,high_InSe,7.0,7.0,14.0,InSe_0.09722,0.6824999999999992
InSe_In64Ga5Se66S1_850b2f2f-e534-433c-b913-c4aa735de8c5,high_InSe,8.0,6.0,14.0,InSe_0.09722,0.5592500000000005
InSe_In65Ga4Se65S5_d1226ebc-c5cb-43a8-afba-7707fe6ef153,high_InSe,5.0,9.0,14.0,InSe_0.09722,0.8811000000000018
InSe_In67Ga2Se63S5_86eb4ba0-bf67-404b-90e1-269564bb7954,high_InSe,7.0,7.0,14.0,InSe_0.09722,0.6882000000000019
InSe_In65Ga5Se65S3_5b9fe9e4-c1b2-4d15-bd10-2263c2453cb9,high_InSe,6.0,8.0,14.0,InSe_0.09722,0.7295999999999978
InSe_In64Ga4Se66S1_0f11a2f7-05ed-4bf6-adfe-cbad320c2988,high_InSe,9.0,5.0,14.0,InSe_0.09722,0.36079999999999934
InSe_In65Ga5Se65S3_ffdd09f6-59db-4bd0-9e33-1ddf769c1fa8,high_InSe,6.0,8.0,14.0,InSe_0.09722,0.2859999999999996
InSe_In67Ga4Se63S5_509e815f-9930-478a-abff-d40798471d04,high_InSe,5.0,9.0,14.0,InSe_0.09722,0.8674999999999997
InSe_In67Ga2Se63S4_852d2a4d-18d9-4a04-92f8-ed88623179a1,high_InSe,8.0,6.0,14.0,InSe_0.09722,0.8236000000000008
InSe_In64Ga4Se66S4_8fdd442c-f83b-4eff-858b-7c7fb4567500,high_InSe,6.0,8.0,14.0,InSe_0.09722,0.24254999999999782
InSe_In66Ga2Se64S5_d151eda4-28bd-465a-98d6-43eada611fc6,high_InSe,7.0,7.0,14.0,InSe_0.09722,0.595699999999999
InSe_In65Ga4Se65S3_252b5a42-e9cc-4fe0-b78e-032469649795,high_InSe,7.0,7.0,14.0,InSe_0.09722,0.8603500000000004
InSe_In62Ga5Se68S2_5445decf-de60-472c-bb3f-92b8890904e9,high_InSe,7.0,7.0,14.0,InSe_0.09722,0.6546499999999984
InSe_In67Ga3Se63S4_8e22acaf-e1a7-40f4-b61f-6bcf0173f615,high_InSe,7.0,7.0,14.0,InSe_0.09722,0.8711000000000002
InSe_In64Ga3Se66S4_5670481e-4c2f-4fa4-907a-a47c3655eb88,high_InSe,7.0,7.0,14.0,InSe_0.09722,0.4734499999999997
InSe_In62Ga5Se68S4_05438f4c-f7a4-4760-a0b0-9f483c6d35d8,high_InSe,5.0,9.0,14.0,InSe_0.09722,0.9333999999999989
InSe_In65Ga5Se65S4_31dd89ca-1a90-4dda-8f87-2d3cc7886c21,high_InSe,5.0,9.0,14.0,InSe_0.09722,0.9522500000000012
InSe_In63Ga5Se67S2_04cd308d-2fd0-43ab-ac05-2a332fbd25e4,high_InSe,7.0,7.0,14.0,InSe_0.09722,0.5798000000000005
InSe_In64Ga3Se66S3_46673e29-8bb8-4530-bde2-64ab9ec6273d,high_InSe,8.0,6.0,14.0,InSe_0.09722,0.9060499999999987
InSe_In65Ga4Se65S2_23d562d1-b99f-4f12-b350-37fbd7f15d7c,high_InSe,8.0,6.0,14.0,InSe_0.09722,0.4374500000000019
InSe_In67Ga3Se63S4_e61ea3a3-ce10-4769-b6ae-1955bbdc94c1,high_InSe,7.0,7.0,14.0,InSe_0.09722,0.37670000000000137
InSe_In65Ga2Se65S4_fc161b35-3b6d-4ee8-a5a5-f2981c16377b,high_InSe,8.0,6.0,14.0,InSe_0.09722,0.7683499999999981
InSe_In65Ga2Se65S4_3e3d1a5c-faea-4e69-a7d0-15efa30426e0,high_InSe,8.0,6.0,14.0,InSe_0.09722,0.8290499999999987
InSe_In64Ga4Se66S4_fbcd2899-c01e-4319-a1a5-8796733c6b73,high_InSe,6.0,8.0,14.0,InSe_0.09722,0.8530499999999996
InSe_In66Ga4Se64S5_17fb9621-7b10-481f-a79c-2e199f6d2135,high_InSe,5.0,9.0,14.0,InSe_0.09722,0.6574000000000009
InSe_In68Ga4Se62S5_d244fe8a-83a6-48d1-8323-398bae38ea18,high_InSe,5.0,9.0,14.0,InSe_0.09722,0.14639999999999986
InSe_In66Ga5Se64S3_529559ff-083e-467e-b99e-9aab821cda3c,high_InSe,6.0,8.0,14.0,InSe_0.09722,0.4886499999999998
InSe_In66Ga2Se64S3_4489003b-a683-417a-ab64-ab4c9141b5e5,high_InSe,9.0,5.0,14.0,InSe_0.09722,0.2815999999999992
InSe_In63Ga5Se67S2_4cbeb3db-1806-481e-9993-a3d721880b12,high_InSe,7.0,7.0,14.0,InSe_0.09722,0.6507999999999985
InSe_In64Ga3Se66S1_115a5707-d954-445b-84ec-b45046fa797a,high_InSe,10.0,4.0,14.0,InSe_0.09722,0.6417000000000002
InSe_In63Ga4Se67S2_86fd90f3-5544-4ab4-ab26-e32013599b62,high_InSe,8.0,6.0,14.0,InSe_0.09722,0.8544000000000018
InSe_In65Ga5Se65S2_5e93bf4d-e685-4ed3-8f31-1bd3c6100229,high_InSe,7.0,7.0,14.0,InSe_0.09722,0.6638000000000002
InSe_In66Ga2Se64S4_6794e206-acca-4aa2-866f-6e48e10fad62,high_InSe,8.0,6.0,14.0,InSe_0.09722,0.22615000000000052
InSe_In62Ga5Se68S1_53673aaa-dc46-4f8b-90f3-5a448792ba12,high_InSe,8.0,6.0,14.0,InSe_0.09722,0.7219500000000014
InSe_In63Ga5Se67S3_4d314199-8c16-4a40-91c6-93f6eb6c1fa2,high_InSe,6.0,8.0,14.0,InSe_0.09722,0.5526499999999999
InSe_In66Ga4Se64S3_d8aedc69-caa8-4788-abfc-82924e1688a1,high_InSe,7.0,7.0,14.0,InSe_0.09722,0.6036000000000001
InSe_In64Ga5Se66S3_b1154d18-f8cb-4c58-aac5-258f401aa84a,high_InSe,6.0,8.0,14.0,InSe_0.09722,0.5640999999999998
InSe_In66Ga4Se64S3_23a03d17-079f-4136-b437-1e007c53aa9a,high_InSe,7.0,7.0,14.0,InSe_0.09722,0.5886000000000013
InSe_In62Ga5Se68S2_b5fc035f-6bf9-493c-a57d-224ea50b75d6,high_InSe,7.0,7.0,14.0,InSe_0.09722,0.9206000000000003
InSe_In65Ga3Se65S3_e483b52f-99a1-4101-adbd-baa88d87d58b,high_InSe,8.0,6.0,14.0,InSe_0.09722,0.3868999999999989
InSe_In64Ga4Se66S1_30a42e1e-b98e-4551-87a9-20911041bbbc,high_InSe,9.0,5.0,14.0,InSe_0.09722,0.7715999999999994
InSe_In66Ga4Se64S5_801e469e-4d03-4d4c-aa42-2a6ec1d328a2,high_InSe,5.0,9.0,14.0,InSe_0.09722,0.7946000000000026
InSe_In65Ga3Se65S5_dd30e190-6d02-4062-8a6a-aa80d52bbdae,high_InSe,6.0,8.0,14.0,InSe_0.09722,0.8662500000000009
InSe_In67Ga1Se63S5_42a1070b-8cb7-47eb-9946-d6f261af2703,high_InSe,8.0,6.0,14.0,InSe_0.09722,0.402000000000001
InSe_In67Ga2Se63S5_e273423f-e4dd-4769-bedf-c5c8354240f3,high_InSe,7.0,7.0,14.0,InSe_0.09722,0.5564
InSe_In65Ga5Se65S5_424faf99-aa4a-4a99-b8c5-80d2698f98ad,high_InSe,4.0,10.0,14.0,InSe_0.09722,0.5619000000000014
InSe_In63Ga4Se67S3_f59d1b8e-a9bb-4503-b0c1-7fd0b4d15516,high_InSe,7.0,7.0,14.0,InSe_0.09722,0.8321499999999986
InSe_In66Ga3Se64S5_f6748386-64cf-412c-80c5-852bfb3157b7,high_InSe,6.0,8.0,14.0,InSe_0.09722,0.5225999999999988
InSe_In64Ga4Se66S3_89932aab-b4e5-415e-9371-babc6f7c382e,high_InSe,7.0,7.0,14.0,InSe_0.09722,0.4054000000000002
InSe_In66Ga1Se64S3_16324746-354e-40a2-8894-23c380fdb651,high_InSe,10.0,4.0,14.0,InSe_0.09722,0.4903499999999994
InSe_In65Ga3Se65S3_18671e36-afc0-453b-9cb7-a9ebcb23f96f,high_InSe,8.0,6.0,14.0,InSe_0.09722,0.13509999999999778
InSe_In62Ga5Se68S4_fe1004df-1e78-4556-8b51-850e2a0539f0,high_InSe,5.0,9.0,14.0,InSe_0.09722,0.8902000000000001
InSe_In64Ga4Se66S5_92861269-35f1-4eaf-8078-efc62a383ba4,high_InSe,5.0,9.0,14.0,InSe_0.09722,0.8757000000000001
InSe_In65Ga4Se65S5_b51b0338-d1a6-492f-88a1-9c94e545e7ee,high_InSe,5.0,9.0,14.0,InSe_0.09722,0.7092500000000008
InSe_In63Ga5Se67S2_21299dbd-77e6-4591-b65c-9989729a6645,high_InSe,7.0,7.0,14.0,InSe_0.09722,0.928700000000001
InSe_In66Ga2Se64S3_92f48488-f241-4669-b545-b508bdfa54f3,high_InSe,9.0,5.0,14.0,InSe_0.09722,0.6722999999999999
InSe_In65Ga2Se65S4_79038a1b-e53c-4a4b-8c4c-54147cddc361,high_InSe,8.0,6.0,14.0,InSe_0.09722,0.5287999999999986
InSe_In64Ga5Se66S4_b483d4f6-4bae-427a-b4db-ba430c451d2c,high_InSe,5.0,9.0,14.0,InSe_0.09722,1.0119499999999988
InSe_In65Ga5Se65S4_41706af5-aa58-4069-99d8-6c2416d58282,high_InSe,5.0,9.0,14.0,InSe_0.09722,0.5189000000000021
InSe_In68Se62S5_0fa353ce-67da-46f4-95ab-660fa4a9e860,high_InSe,9.0,5.0,14.0,InSe_0.09722,0.7356500000000015
InSe_In63Ga4Se67S4_ef1c582d-0a3c-4b02-8605-5930868b6629,high_InSe,6.0,8.0,14.0,InSe_0.09722,0.40369999999999884
InSe_In63Ga5Se67S3_76b40deb-4654-43ef-bf22-03d1a8ef4e27,high_InSe,6.0,8.0,14.0,InSe_0.09722,0.8937500000000007
InSe_In63Ga4Se67S3_b03cc762-b8c6-43f0-baed-6a4287b60b24,high_InSe,7.0,7.0,14.0,InSe_0.09722,0.8852499999999992
InSe_In68Ga2Se62S5_01cc7e46-69e9-4d77-9f5f-c2d607809b4d,high_InSe,7.0,7.0,14.0,InSe_0.09722,0.32890000000000086
InSe_In65Ga4Se65S5_a1689187-4d29-4186-8b19-074667752364,high_InSe,5.0,9.0,14.0,InSe_0.09722,0.6089999999999982
InSe_In64Ga3Se66S4_969ca911-2349-4f3c-9861-e7f7af7aabe0,high_InSe,7.0,7.0,14.0,InSe_0.09722,0.6152499999999979
InSe_In64Ga4Se62S5_685bd5af-8fc0-47c0-8ca4-1024c3dd24d0,high_InSe,9.0,9.0,18.0,InSe_0.125,0.1877999999999993
InSe_In64Ga4Se62S5_4f81dc4a-7757-4430-8a1f-4a1d405b6dcb,high_InSe,9.0,9.0,18.0,InSe_0.125,0.6056000000000008
InSe_In62Ga5Se64S4_3fe30eb9-de72-4dee-bd0f-49f10f2b9c0a,high_InSe,9.0,9.0,18.0,InSe_0.125,0.2583500000000001
InSe_In62Ga5Se64S4_bf23c6f5-60ea-4c4c-a757-f88f62318c71,high_InSe,9.0,9.0,18.0,InSe_0.125,0.70505
InSe_In64Ga5Se62S5_f19d93b9-5e6f-4958-81ae-8f636965583d,high_InSe,8.0,10.0,18.0,InSe_0.125,0.5485000000000007
InSe_In63Ga4Se63S4_6eecb3a1-d486-49ee-af98-e8155993cf30,high_InSe,10.0,8.0,18.0,InSe_0.125,0.5830500000000001
InSe_In62Ga5Se64S5_988de023-c3a2-4cd7-b314-27956c70774c,high_InSe,8.0,10.0,18.0,InSe_0.125,0.8100499999999986
InSe_In62Ga5Se64S4_0eed9b90-5232-4f48-ba34-8eee9b9de19c,high_InSe,9.0,9.0,18.0,InSe_0.125,0.7485999999999997
InSe_In62Ga5Se64S3_f9cc61c1-e5ac-4352-afb9-6ae5b969bb2e,high_InSe,10.0,8.0,18.0,InSe_0.125,0.6309000000000005
InSe_In62Ga5Se64S5_2dcd972f-b4e0-453f-a42d-2d96adad409c,high_InSe,8.0,10.0,18.0,InSe_0.125,0.6457499999999996
InSe_In64Ga4Se62S5_8c8356cd-02f4-4e3b-9935-724efd462803,high_InSe,9.0,9.0,18.0,InSe_0.125,0.7821000000000016
InSe_In62Ga5Se64S3_dcc7d426-38f7-4f4d-ad1f-7ea213f2f119,high_InSe,10.0,8.0,18.0,InSe_0.125,0.0992999999999995
InSe_In64Ga5Se62S5_ec01030f-0544-45ad-9fdf-9dcd2497baa4,high_InSe,8.0,10.0,18.0,InSe_0.125,0.35494999999999877
InSe_In64Ga3Se62S5_a9297e38-910f-4854-9b45-2787904529ec,high_InSe,10.0,8.0,18.0,InSe_0.125,0.7191499999999991
InSe_In64Ga3Se62S5_3f4c9b76-2233-4a12-89dd-1424d6d0d98e,high_InSe,10.0,8.0,18.0,InSe_0.125,0.2062500000000007
InSe_In63Ga5Se63S4_b72faac6-1356-4f8c-bdf6-2c35c1278f54,high_InSe,9.0,9.0,18.0,InSe_0.125,0.11899999999999977
InSe_In63Ga5Se63S5_0076ea67-91a5-4122-b7f1-d5a13d21cab2,high_InSe,8.0,10.0,18.0,InSe_0.125,0.629999999999999
InSe_In62Ga5Se64S3_c732369a-2db3-4c99-acf3-3be592d63534,high_InSe,10.0,8.0,18.0,InSe_0.125,0.6127500000000001
InSe_In63Ga4Se63S4_eb186b41-a33c-448a-81e0-0475537b7a3e,high_InSe,10.0,8.0,18.0,InSe_0.125,0.7002499999999987
InSe_In62Ga5Se64S3_615993da-ff7f-4af2-8c39-932f83656c33,high_InSe,10.0,8.0,18.0,InSe_0.125,0.5381
InSe_In62Ga5Se64S5_3109106b-b949-4107-a98e-2b5a59e66c72,high_InSe,8.0,10.0,18.0,InSe_0.125,0.6974
InSe_In62Ga5Se64S3_2ef61a70-811d-4166-8bbb-360b1f57350f,high_InSe,10.0,8.0,18.0,InSe_0.125,0.6187000000000005
InSe_In62Ga5Se64S4_970bec89-02cd-486e-a9a8-b9da4ae04d12,high_InSe,9.0,9.0,18.0,InSe_0.125,0.5369499999999992
InSe_In62Ga5Se64S4_e7a9a1bb-9b50-41ec-8179-95d89ba20f47,high_InSe,9.0,9.0,18.0,InSe_0.125,0.3169499999999985
InSe_In64Ga4Se62S5_224353b2-689d-40a5-a6a4-f12d1e6ea2a3,high_InSe,9.0,9.0,18.0,InSe_0.125,0.2870000000000008
InSe_In64Ga5Se62S5_2e0a214a-1191-4c5f-97ac-73444828bd26,high_InSe,8.0,10.0,18.0,InSe_0.125,0.6651000000000007
InSe_In64Ga4Se62S5_67b26b97-528f-42ac-99fe-67239d872c88,high_InSe,9.0,9.0,18.0,InSe_0.125,0.4292000000000016
InSe_In64Ga5Se62S5_99cb522d-4c34-4a15-9581-b70ab2e5fa03,high_InSe,8.0,10.0,18.0,InSe_0.125,0.35360000000000014
InSe_In62Ga5Se64S3_007c149f-af1e-4dc5-9094-4c8c25bdfe84,high_InSe,10.0,8.0,18.0,InSe_0.125,0.7359999999999989
InSe_In62Ga5Se64S3_a1cf265b-2cc6-4e58-a42a-87d4c5a8f5a9,high_InSe,10.0,8.0,18.0,InSe_0.125,0.7703999999999986
InSe_In63Ga5Se63S5_3bd11984-4f16-4aea-ae51-7026bbb8a5bb,high_InSe,8.0,10.0,18.0,InSe_0.125,0.5700499999999984
InSe_In64Ga5Se62S5_de5b663d-fa9d-4382-89e4-3d664a379d85,high_InSe,8.0,10.0,18.0,InSe_0.125,0.8534000000000006
InSe_In63Ga5Se63S4_f7080790-7128-4482-a9ed-65a635382272,high_InSe,9.0,9.0,18.0,InSe_0.125,0.6270999999999987
InSe_In63Ga5Se63S5_89b14066-4d79-44f9-a7e1-fe9c799a7091,high_InSe,8.0,10.0,18.0,InSe_0.125,0.7099999999999991
InSe_In62Ga5Se64S4_4afb5936-37e3-450e-aad6-3a0b12ed1ab3,high_InSe,9.0,9.0,18.0,InSe_0.125,0.8634000000000022
InSe_In64Ga5Se62S5_69ae98ce-5c51-4636-9fc2-7a8fe10dd0f5,high_InSe,8.0,10.0,18.0,InSe_0.125,0.18069999999999808
InSe_In64Ga3Se62S5_fdcbdc71-311c-418e-aea8-f3db55bdb9e6,high_InSe,10.0,8.0,18.0,InSe_0.125,0.5099999999999998
InSe_In62Ga5Se64S5_416ca3b8-64f0-4307-8737-88371bcc4888,high_InSe,8.0,10.0,18.0,InSe_0.125,0.7861000000000011
InSe_In64Ga4Se62S5_8ff8a92f-3fbd-4194-84b8-917974f2964f,high_InSe,9.0,9.0,18.0,InSe_0.125,0.8071000000000002
InSe_In62Ga5Se64S5_02829d87-e8a2-45d1-a3df-8f9d298b894f,high_InSe,8.0,10.0,18.0,InSe_0.125,0.47749999999999915
InSe_In64Ga3Se62S5_99749162-51ec-4c75-b302-3416d97d2370,high_InSe,10.0,8.0,18.0,InSe_0.125,0.6047000000000011
InSe_In63Ga5Se63S5_cf400b1c-b504-4035-86d3-b516221626ea,high_InSe,8.0,10.0,18.0,InSe_0.125,0.5695999999999994
InSe_In62Ga5Se64S4_6cb774c0-e747-461a-a4d5-cb62a12a059b,high_InSe,9.0,9.0,18.0,InSe_0.125,0.17974999999999852
InSe_In62Ga5Se64S3_de15438c-2edd-462c-9354-d3813f28b877,high_InSe,10.0,8.0,18.0,InSe_0.125,0.29134999999999955
InSe_In63Ga5Se63S4_228819fa-ec2e-42dc-88ad-bcd36e5bbaed,high_InSe,9.0,9.0,18.0,InSe_0.125,0.5740999999999996
InSe_In62Ga5Se64S4_cfb11f45-a685-4e4f-bab3-9b3d78a31408,high_InSe,9.0,9.0,18.0,InSe_0.125,0.684350000000002
InSe_In63Ga5Se63S4_1653f6fc-cdec-46d5-8dd3-3bbb8be23a35,high_InSe,9.0,9.0,18.0,InSe_0.125,0.757200000000001
InSe_In64Ga4Se62S5_1fb18fdd-9e20-482a-8ed0-8a25f92a6f02,high_InSe,9.0,9.0,18.0,InSe_0.125,0.6800000000000015
InSe_In63Ga4Se63S5_b4b874fb-18a5-402c-a6ca-1c581b4d75d4,high_InSe,9.0,9.0,18.0,InSe_0.125,0.686399999999999
InSe_In64Ga3Se62S5_cb39afff-753d-4850-a101-08f3bb298d80,high_InSe,10.0,8.0,18.0,InSe_0.125,0.7132000000000005
InSe_In64Ga4Se62S5_8c912a9f-faa1-41fb-b7ec-ed283a46ee37,high_InSe,9.0,9.0,18.0,InSe_0.125,0.6831500000000013
InSe_In63Ga4Se63S4_70a02090-d988-419c-a8b1-9202f808ec66,high_InSe,10.0,8.0,18.0,InSe_0.125,0.7323999999999984
InSe_In64Ga3Se62S5_0be4084a-6a5e-4725-bf1a-b3640955ed69,high_InSe,10.0,8.0,18.0,InSe_0.125,0.8371499999999994
InSe_In62Ga5Se64S4_655dec5e-1520-4b63-a000-0c77512f2363,high_InSe,9.0,9.0,18.0,InSe_0.125,0.6144500000000015
InSe_In64Ga4Se62S5_ef35c044-1cf0-4038-9dd6-9ce8861bd9d2,high_InSe,9.0,9.0,18.0,InSe_0.125,0.27580000000000204
InSe_In63Ga4Se63S5_fcb0718b-6125-4e3f-a922-a2a9f518af67,high_InSe,9.0,9.0,18.0,InSe_0.125,0.7778999999999989
InSe_In62Ga5Se64S4_3123d6b4-0827-4aca-95d2-1327c062ca0b,high_InSe,9.0,9.0,18.0,InSe_0.125,0.597999999999999
InSe_In64Ga4Se62S5_109bedd8-c5ce-4996-8a40-0a2526670743,high_InSe,9.0,9.0,18.0,InSe_0.125,0.2554999999999996
InSe_In64Ga5Se62S5_78e9a445-4671-4d60-bc1d-3609e237983b,high_InSe,8.0,10.0,18.0,InSe_0.125,0.7310999999999996
InSe_In62Ga5Se64S5_2872d917-8996-494f-9c90-bb9656dadbf7,high_InSe,8.0,10.0,18.0,InSe_0.125,0.7336500000000008
InSe_In62Ga5Se64S4_d358dd0a-be09-4806-902a-8ce8c9c18ac4,high_InSe,9.0,9.0,18.0,InSe_0.125,0.830449999999999
InSe_In62Ga5Se64S3_dc59d81b-852d-44ac-9c2e-9818508aec88,high_InSe,10.0,8.0,18.0,InSe_0.125,0.36180000000000057
InSe_In62Ga5Se64S3_50425ea1-fdf3-4f89-a23e-621a95ecc271,high_InSe,10.0,8.0,18.0,InSe_0.125,0.6600499999999982
InSe_In62Ga5Se64S4_bc1c5613-7171-499b-8c0e-d9c6ddbd2b54,high_InSe,9.0,9.0,18.0,InSe_0.125,0.6211500000000001
InSe_In62Ga5Se64S4_c12118b8-ec1e-4173-8d92-aa5cf95dbd3d,high_InSe,9.0,9.0,18.0,InSe_0.125,0.5147499999999994
InSe_In63Ga5Se63S5_a60fdafe-778f-4b28-96d9-3abf9f60e69c,high_InSe,8.0,10.0,18.0,InSe_0.125,0.375
InSe_In63Ga4Se63S4_a343d5c7-e799-440f-98fa-24117e098029,high_InSe,10.0,8.0,18.0,InSe_0.125,0.7226499999999998
InSe_In62Ga5Se64S4_f898f054-88d9-4bd2-a7dc-cfc6496538f9,high_InSe,9.0,9.0,18.0,InSe_0.125,0.7368999999999986
InSe_In62Ga5Se64S5_b5870070-e12b-44a7-9c3e-8de429bb2e4f,high_InSe,8.0,10.0,18.0,InSe_0.125,0.3501999999999992
InSe_In62Ga5Se64S3_9d87698b-5945-448b-8f96-f3a4c6cc0b98,high_InSe,10.0,8.0,18.0,InSe_0.125,0.3232499999999998
InSe_In64Ga4Se62S5_e6a44f7e-0666-4289-ae4a-993afbbf96d4,high_InSe,9.0,9.0,18.0,InSe_0.125,0.6103000000000005
InSe_In64Ga3Se62S5_bc64e1c1-4267-466a-b92e-9afd8ee50910,high_InSe,10.0,8.0,18.0,InSe_0.125,0.3810500000000019
InSe_In63Ga4Se63S4_3d6df098-5a72-4a4c-adde-d80c917089ac,high_InSe,10.0,8.0,18.0,InSe_0.125,0.7357999999999976
InSe_In63Ga4Se63S5_02d38bc8-5773-4572-bd00-fa6c53ea2300,high_InSe,9.0,9.0,18.0,InSe_0.125,0.8966999999999992
InSe_In63Ga4Se63S4_1975a14f-eb30-4101-85aa-98cde520b5d9,high_InSe,10.0,8.0,18.0,InSe_0.125,0.18495000000000061
InSe_In64Ga4Se62S5_65bb6d71-8a6a-47e5-9cd7-3eef41b2cb79,high_InSe,9.0,9.0,18.0,InSe_0.125,0.5582000000000011
InSe_In64Ga4Se62S5_5ed1db52-e0ab-4a30-878b-3455078acfcf,high_InSe,9.0,9.0,18.0,InSe_0.125,0.6971499999999988
InSe_In63Ga5Se63S4_2051c834-a252-4949-857d-ee9d2a147018,high_InSe,9.0,9.0,18.0,InSe_0.125,0.6495000000000015
InSe_In62Ga5Se64S4_795a292b-1bde-4897-b974-483e61769d49,high_InSe,9.0,9.0,18.0,InSe_0.125,0.595600000000001
InSe_In64Ga4Se62S5_231d4a19-9429-45bc-addd-aecd4f66be57,high_InSe,9.0,9.0,18.0,InSe_0.125,0.22600000000000087
InSe_In62Ga5Se64S4_96b1c1bc-494c-48e5-90f2-c040524b7aef,high_InSe,9.0,9.0,18.0,InSe_0.125,0.46619999999999884
InSe_In62Ga5Se64S4_0a03ea32-e8cd-4998-94b8-8d987124f810,high_InSe,9.0,9.0,18.0,InSe_0.125,0.7140000000000022
InSe_In62Ga5Se64S5_fdcb4243-d202-4dce-be84-daee9e157ca0,high_InSe,8.0,10.0,18.0,InSe_0.125,0.48350000000000115
InSe_In62Ga5Se64S3_0155218c-a739-42ce-ab09-487267978a96,high_InSe,10.0,8.0,18.0,InSe_0.125,0.21199999999999974
InSe_In62Ga5Se64S3_15341003-1e5c-439a-b575-8d1ff038d8ca,high_InSe,10.0,8.0,18.0,InSe_0.125,0.7398500000000006
InSe_In64Ga5Se62S5_8b7fb5fb-1f5d-499d-a9ed-80d4b61b51ed,high_InSe,8.0,10.0,18.0,InSe_0.125,0.12950000000000017
InSe_In62Ga5Se64S3_8dc938c3-c4dc-40f5-86af-964f74ca25f8,high_InSe,10.0,8.0,18.0,InSe_0.125,0.3573500000000003
InSe_In64Ga5Se62S5_3d70f902-3b9a-4771-ac29-a14c5f365294,high_InSe,8.0,10.0,18.0,InSe_0.125,0.4405999999999999
InSe_In63Ga5Se63S4_94e37dc9-a297-488d-8565-9f7811562146,high_InSe,9.0,9.0,18.0,InSe_0.125,0.6308000000000007
InSe_In62Ga5Se64S5_a45c52d2-6c6f-4a27-92a1-9106f02d4b0f,high_InSe,8.0,10.0,18.0,InSe_0.125,0.502399999999998
InSe_In64Ga4Se62S5_908cc377-9006-4459-82c1-8e1a414e9385,high_InSe,9.0,9.0,18.0,InSe_0.125,0.6092999999999993
InSe_In63Ga5Se63S5_f5ad43de-de0f-4715-8657-6b36087f3816,high_InSe,8.0,10.0,18.0,InSe_0.125,0.6547000000000001
InSe_In64Ga3Se62S5_ffcd0f1e-0b6e-4f5c-abd4-ef1ad87c0361,high_InSe,10.0,8.0,18.0,InSe_0.125,0.5147499999999994
InSe_In62Ga5Se64S4_a1285682-a1f8-44c3-8b35-301133595e3d,high_InSe,9.0,9.0,18.0,InSe_0.125,0.7043499999999998
InSe_In62Ga5Se64S3_a4e84a7d-a5bc-481c-a75d-e3e0b5f8c9a5,high_InSe,10.0,8.0,18.0,InSe_0.125,0.7027000000000001
InSe_In64Ga5Se62S5_65e6b150-de8c-4fa1-96c6-811aaa349b5d,high_InSe,8.0,10.0,18.0,InSe_0.125,0.45509999999999984
InSe_In63Ga4Se63S5_7de74530-b8e1-42a2-92b4-8bea8599b630,high_InSe,9.0,9.0,18.0,InSe_0.125,0.934000000000001
InSe_In63Ga5Se63S4_40b24e27-94e9-4c57-a106-492a654b3953,high_InSe,9.0,9.0,18.0,InSe_0.125,0.23520000000000074
InSe_In64Ga5Se62S5_ba422f23-79a3-468f-8dce-7c7fcea5c859,high_InSe,8.0,10.0,18.0,InSe_0.125,0.30150000000000077
InSe_In62Ga5Se64S3_40e0861e-b334-436d-b15c-7ebfb8c60fa5,high_InSe,10.0,8.0,18.0,InSe_0.125,0.43645000000000067
