_id,descriptor_id,energy,fermi_level,homo_lumo_gap,lumo,homo,E_1
MoS2_Mo63Se2S125_1de54178-46e9-4e0c-a922-6e4c90c53961,c2e35d6d-0314-4d37-9385-16a73a4b5b57,-1371.42147833,-1.65851821,0.3771,-1.0636,-1.4407,-63.1033
MoS2_Mo63W1Se2S125_b8bd7ef6-1d0f-43b9-a34c-afb5b5d6fa16,f537f6af-ab01-4c23-8cdb-ba719fb19571,-1391.33516498,-1.42046446,1.1336,-0.8537,-1.9873,-62.9331
MoS2_Mo63W1Se1S125_42a338e1-df26-431d-9f5a-7c98a63dd296,4821cae7-32c3-4f2e-a821-942d6aef19e6,-1385.45374568,-1.53074029,1.0928,-0.9063,-1.9991,-62.9609
MoS2_Mo63W1Se2S125_a947f260-838e-4154-b08c-4772cad40eb5,f537f6af-ab01-4c23-8cdb-ba719fb19571,-1391.35844308,-1.32838815,1.144,-0.857,-2.001,-62.9335
MoS2_Mo63Se2S125_ae2c4329-dd70-4174-bc11-a26ba42e27db,c2e35d6d-0314-4d37-9385-16a73a4b5b57,-1371.90526722,-1.67902325,0.16179999999999994,-1.3186,-1.4804,-63.1352
MoS2_Mo63W1S125_f6f221b6-d54c-4cdc-8567-d7d2dbf119bc,c84dad71-7a64-4254-935a-fa1845707bca,-1379.56006726,-1.46042911,1.0922,-0.9116,-2.0038,-62.9846
MoS2_Mo63Se2S125_dd0e1d86-5f3f-43eb-ba81-34ca333b89d7,c2e35d6d-0314-4d37-9385-16a73a4b5b57,-1371.93179278,-1.68414132,0.17920000000000003,-1.3085,-1.4877,-63.1271
MoS2_Mo63Se1S125_f2c5367c-a725-4dcf-9138-b74a60150150,e50b9850-933b-4b6f-90f3-7b784275077d,-1365.55491123,-1.69137078,0.4093,-1.0842,-1.4935,-63.1452
MoS2_Mo62W2Se2S126_7052aa98-6961-48a2-95a9-96fb025dd113,54eceb28-ae9b-484b-a9a6-5e6f9c5c7013,-1399.99036148,-1.55218067,1.8066,-0.2277,-2.0343,-62.92
MoS2_Mo62W2S126_9cbc05a5-a4af-4a4f-bf72-d4e8231b5bb6,c1420f74-6f37-477b-b2ae-5ad9a34ffdd6,-1388.34960656,-1.52627027,0.9395,-1.0588,-1.9983,-62.973
MoS2_Mo63Se3S125_820b885d-e24b-4538-b11a-59c656c371b9,10171505-527e-4cf6-a4a9-5463ad955976,-1377.22933559,-1.63352273,0.3819999999999999,-1.0439,-1.4259,-63.0822
MoS2_Mo63W1Se3S125_ff4d0555-890f-4bb1-a86e-53ad7e78687e,aeeee2e0-7f5c-43cf-8231-a86bf41bf6c5,-1397.19022029,-1.51762378,1.814,-0.2138,-2.0278,-62.9086
MoS2_Mo63Se2S125_3da226d2-26e0-4b0a-a9af-de3c9ce01319,c2e35d6d-0314-4d37-9385-16a73a4b5b57,-1371.45905123,-1.65864956,0.3960999999999999,-1.0515,-1.4476,-63.114
MoS2_Mo63W1Se1S125_5b6abf67-5afa-4c91-a09b-5a4d36339cae,4821cae7-32c3-4f2e-a821-942d6aef19e6,-1385.47663677,-1.44665681,1.1064,-0.8888,-1.9952,-62.9625
MoS2_Mo62W1S126_dbc5039c-12a0-4121-87d9-a2277c8116fd,2b7c829e-44a6-420e-9832-970f43b90872,-1368.55787126,-1.68138903,0.3529,-1.0803,-1.4332,-63.1385
MoS2_Mo63Se2S125_0b75ad35-b45c-4439-b35b-fc77960b95bd,c2e35d6d-0314-4d37-9385-16a73a4b5b57,-1371.40645534,-1.6616994,0.3601000000000001,-1.0775,-1.4376,-63.0976
MoS2_Mo63Se3S125_d7c48d6a-7100-4080-a589-90bfbefb3159,10171505-527e-4cf6-a4a9-5463ad955976,-1377.27847855,-1.62173851,0.40379999999999994,-1.0225,-1.4263,-63.0814
MoS2_Mo63Se1S125_75f3f237-e5db-4626-a6cb-a803911308b5,e50b9850-933b-4b6f-90f3-7b784275077d,-1365.5383835,-1.67703949,0.3948999999999998,-1.0738,-1.4687,-63.1281
MoS2_Mo64Se2S124_92312e22-8344-4419-9934-8fea485bb81e,58f94a7e-f2b9-48b4-87da-07eb93cc4d0b,-1382.67059536,-1.4369245,1.0396999999999998,-0.9492,-1.9889,-62.9621
MoS2_Mo63Se2S125_1600c002-3c77-499b-80e1-1d4661942273,c2e35d6d-0314-4d37-9385-16a73a4b5b57,-1371.40383515,-1.66209676,0.39569999999999994,-1.0681,-1.4638,-63.1132
MoS2_Mo63W1S125_c1a011a7-bfaa-4f8c-a08e-89aaed18b2b8,c84dad71-7a64-4254-935a-fa1845707bca,-1379.58679216,-1.51419297,0.9806000000000001,-1.0167,-1.9973,-63.0006
MoS2_Mo64Se2S124_efa34dee-c37e-4f98-9658-5f8afc8cb633,58f94a7e-f2b9-48b4-87da-07eb93cc4d0b,-1382.59675004,-1.58725197,0.6583000000000001,-1.2581,-1.9164,-62.9471
MoS2_Mo64Se2S124_2271a50a-9df7-4b35-9fa4-27dec1f71354,58f94a7e-f2b9-48b4-87da-07eb93cc4d0b,-1382.58821679,-1.43940419,1.0302,-0.954,-1.9842,-62.9648
MoS2_Mo63Se2S125_6f261bfc-185b-4ed5-8fe1-eff0f152a14a,c2e35d6d-0314-4d37-9385-16a73a4b5b57,-1371.88866577,-1.67178085,0.1543000000000001,-1.3172,-1.4715,-63.1366
MoS2_Mo64Se1S124_3f2732d4-6da8-4865-b7dc-7c6b1698ec49,5ed98f49-177d-4f1c-a639-217444f6fa56,-1376.79576183,-1.52913604,1.0829,-0.9096,-1.9925,-62.9741
MoS2_Mo63Se1S125_6d9836ef-b71e-4967-8943-07ff3a83c38e,e50b9850-933b-4b6f-90f3-7b784275077d,-1365.57253947,-1.68839699,0.3407,-1.1122,-1.4529,-63.1291
MoS2_Mo62W2Se1S126_c413ffd7-7e97-48f7-9610-2e0150e03219,a4b424ea-c0b5-4b1c-a1e4-5fa7f7b0b70d,-1394.17861151,-1.53800684,1.1488,-0.8643,-2.0131,-62.9456
MoS2_Mo63Se1S125_f9fa21b0-8789-4265-8343-27af00f86308,e50b9850-933b-4b6f-90f3-7b784275077d,-1367.57265646,-1.66819021,0.4617999999999999,-0.9323,-1.3941,-63.1148
MoS2_Mo63Se1S125_010e1a2c-6c15-4381-a5af-80d6e34491cd,e50b9850-933b-4b6f-90f3-7b784275077d,-1365.60344979,-1.68414124,0.39070000000000005,-1.0725,-1.4632,-63.1202
MoS2_Mo64Se1S124_6ad0cd89-bf42-4197-9963-562bf146a04c,5ed98f49-177d-4f1c-a639-217444f6fa56,-1376.79562588,-1.45411316,1.0175999999999998,-0.9769,-1.9945,-62.9921
MoS2_Mo63W1Se1S125_a174c1d0-7403-4693-8412-f9eb411118c7,4821cae7-32c3-4f2e-a821-942d6aef19e6,-1385.49997508,-1.43809916,1.1088,-0.8871,-1.9959,-62.9601
MoS2_Mo63W1S125_78cc9329-0c33-41b3-b0f0-49d4defe01ae,c84dad71-7a64-4254-935a-fa1845707bca,-1379.58269194,-1.52537294,1.0703,-0.9258,-1.9961,-62.9861
MoS2_Mo61W1Se1S127_b6e724fc-3bca-4857-94f5-f8fa029855b6,a35d9d42-63d5-4b0e-8d4f-c320456792e6,-1363.55306693,-1.69649723,0.2563,-1.2502,-1.5065,-63.4416
MoS2_Mo63W1Se2S125_0932f2fe-8c1a-4a36-80b2-c0dc2f602acd,f537f6af-ab01-4c23-8cdb-ba719fb19571,-1391.35237552,-1.32599071,1.1511000000000002,-0.8513,-2.0024,-62.9348
MoS2_Mo61W1S127_f682a695-6caf-437c-9172-794672036e4d,0345d846-afd7-4d63-9476-24362086bcbd,-1357.12373654,-1.69605938,0.3000999999999998,-1.1726,-1.4727,-63.1602
MoS2_Mo63Se2S125_9453c6d1-d782-4ab5-aa50-c57b5e0d65c8,c2e35d6d-0314-4d37-9385-16a73a4b5b57,-1371.45465667,-1.65943421,0.377,-1.0607,-1.4377,-63.1012
MoS2_Mo63W1Se2S125_06da66d2-e200-41c0-a350-cc531a5aedf6,f537f6af-ab01-4c23-8cdb-ba719fb19571,-1391.33510427,-1.33417617,1.151,-0.8509,-2.0019,-62.9342
MoS2_Mo63Se1S125_3a8b2cde-5eb9-43d6-bccc-291106708315,e50b9850-933b-4b6f-90f3-7b784275077d,-1365.5446697,-1.66479982,0.41179999999999994,-1.0736,-1.4854,-63.1368
MoS2_Mo64Se1S124_0bb30488-9af4-4d2c-bf95-80417fc9e5ad,5ed98f49-177d-4f1c-a639-217444f6fa56,-1376.72145961,-1.59776862,0.6541000000000001,-1.2707,-1.9248,-62.9802
MoS2_Mo64Se2S124_1d278eda-e507-482e-86e8-98cc9617bfd4,58f94a7e-f2b9-48b4-87da-07eb93cc4d0b,-1382.68113166,-1.51763929,1.1114000000000002,-0.8783,-1.9897,-62.9498
MoS2_Mo64Se1S124_2c152778-655f-477d-ad30-376be58ea942,5ed98f49-177d-4f1c-a639-217444f6fa56,-1376.80731148,-1.52261883,1.0784,-0.9097,-1.9881,-62.9775
MoS2_Mo63W1Se2S125_17879916-aedf-4e91-88fa-d7275ce6b5e0,f537f6af-ab01-4c23-8cdb-ba719fb19571,-1391.35058475,-1.53238813,1.1486,-0.8573,-2.0059,-62.9359
MoS2_Mo62W1Se1S126_352af11e-58d3-4965-bb83-44ac7c0e9061,2dfd36f8-8083-48a9-8d8c-a36e19d6e41d,-1374.27753322,-1.67480117,0.38749999999999996,-1.0665,-1.454,-63.1104
MoS2_Mo62W2Se2S126_a9170617-86f5-47cd-b325-83f2bf64325d,54eceb28-ae9b-484b-a9a6-5e6f9c5c7013,-1400.01766348,-1.54817945,1.8075999999999999,-0.2264,-2.034,-62.919
MoS2_Mo62S126_e8e1479e-ccf2-4289-b7a9-ea9e97c3d642,b1cac3a5-3438-4667-a673-79b0a9c45d90,-1348.43135785,-1.74387081,0.33519999999999994,-1.1736,-1.5088,-63.1842
MoS2_Mo62Se1S126_559b0e49-810b-4e0c-b44e-4a0bd7862825,82814571-e0f4-4d70-b97c-4dea187f0b82,-1354.25523399,-1.70914875,0.32000000000000006,-1.1515,-1.4715,-63.1683
MoS2_Mo63Se2S125_fe192e28-576f-4dff-8904-80b3bc5bd954,c2e35d6d-0314-4d37-9385-16a73a4b5b57,-1371.3917841,-1.6559297,0.41480000000000006,-1.0604,-1.4752,-63.1192
MoS2_Mo62W1Se2S126_989d99bd-ee48-4e0c-a117-a972ce4fab44,b1b48132-8ea1-401a-b19e-6eee9bdacf0c,-1380.05004244,-1.63158108,0.4031,-1.0478,-1.4509,-63.0962
MoS2_Mo62Se1S126_d2366790-0212-4c2d-b149-462a5c6b7203,82814571-e0f4-4d70-b97c-4dea187f0b82,-1354.28865482,-1.71348446,0.3345,-1.137,-1.4715,-63.1609
MoS2_Mo63W1Se2S125_9b9b8ea9-3cf4-4806-af83-03b947b01474,f537f6af-ab01-4c23-8cdb-ba719fb19571,-1391.34401328,-1.52736492,1.1471999999999998,-0.8546,-2.0018,-62.935
MoS2_Mo62W1Se1S126_9e80632e-d9b8-4e4a-a635-a5546720d061,2dfd36f8-8083-48a9-8d8c-a36e19d6e41d,-1374.20747387,-1.66024501,0.41459999999999986,-1.0619,-1.4765,-63.1236
MoS2_Mo62W2Se1S126_4bc6ecc4-1e94-4ddb-9e89-ecdbac629a7e,a4b424ea-c0b5-4b1c-a1e4-5fa7f7b0b70d,-1394.14526239,-1.33335013,1.1376999999999997,-0.8677,-2.0054,-62.9464
MoS2_Mo62W2Se2S126_f8dda347-63cc-455e-b344-82383a5ff9c1,54eceb28-ae9b-484b-a9a6-5e6f9c5c7013,-1400.01507659,-1.55302257,1.8074000000000001,-0.2265,-2.0339,-62.9198
MoS2_Mo63Se2S125_4aa70eaa-004a-4ee8-8e83-cd344580e883,c2e35d6d-0314-4d37-9385-16a73a4b5b57,-1371.54194785,-1.68667312,0.31920000000000015,-1.1255,-1.4447,-63.0972
MoS2_Mo63S125_5405602f-91db-42dc-9771-0e733782963e,75f9baee-e3c9-475d-a43f-e0aa5022cc27,-1359.65646853,-1.74085782,0.2138,-1.4513,-1.6651,-63.1258
MoS2_Mo63W1Se2S125_229fd9d6-40b5-455a-aab4-aeb671442dbb,f537f6af-ab01-4c23-8cdb-ba719fb19571,-1391.30249218,-1.33350762,1.148,-0.8549,-2.0029,-62.9369
MoS2_Mo64Se3S124_16748872-c627-4de7-86f9-9aa1a4ff2b37,89610b6e-bc60-46cd-81f3-57f4c03fc28f,-1388.5255469,-1.33078841,1.1534,-0.8461,-1.9995,-62.9226
MoS2_Mo63Se3S125_8212e1b7-e3f1-4c7b-a35e-36e82edaf97e,10171505-527e-4cf6-a4a9-5463ad955976,-1377.23715666,-1.62948886,0.39680000000000004,-1.039,-1.4358,-63.0855
MoS2_Mo64Se2S124_ba4f08a6-b455-439c-a2c5-f3389d78f41f,58f94a7e-f2b9-48b4-87da-07eb93cc4d0b,-1382.66945826,-1.53943145,1.0389,-0.9582,-1.9971,-62.9731
MoS2_Mo63W1S125_52f96512-d6a3-4875-afad-58caf4213ef2,c84dad71-7a64-4254-935a-fa1845707bca,-1379.62353029,-1.45891761,1.0240999999999998,-0.9809,-2.005,-62.9953
MoS2_Mo62Se1S126_f834e61b-8b68-424b-91a3-a928e2809e48,82814571-e0f4-4d70-b97c-4dea187f0b82,-1354.31314884,-1.72156062,0.3158000000000001,-1.1413,-1.4571,-63.1763
MoS2_Mo64Se2S124_142f139e-8229-442b-a621-02ab4c49dcd8,58f94a7e-f2b9-48b4-87da-07eb93cc4d0b,-1382.68803473,-1.51659415,0.9457,-1.0334,-1.9791,-62.9522
MoS2_Mo64Se3S124_e16548b0-80ae-457b-abd6-1e34291aa089,89610b6e-bc60-46cd-81f3-57f4c03fc28f,-1388.5127851,-1.5193572,1.1494,-0.8447,-1.9941,-62.9243
MoS2_Mo61W1S127_81ce3582-700e-477a-a4ba-880f12c18888,0345d846-afd7-4d63-9476-24362086bcbd,-1357.60993946,-1.71222652,0.1257999999999999,-1.369,-1.4948,-63.1922
MoS2_Mo63S125_80403bf8-9dcc-4209-b8b3-1a2605f87dfb,75f9baee-e3c9-475d-a43f-e0aa5022cc27,-1359.68687184,-1.71853649,0.35030000000000006,-1.1312,-1.4815,-63.1533
MoS2_Mo63Se1S125_6b897055-e965-4a8f-a623-c5d674952adb,e50b9850-933b-4b6f-90f3-7b784275077d,-1365.50817275,-1.67084502,0.36160000000000014,-1.1077,-1.4693,-63.1273
MoS2_Mo63W1S125_1963e250-4f4e-4d6a-a0e5-79c504b1d6d5,c84dad71-7a64-4254-935a-fa1845707bca,-1379.61804431,-1.51518337,0.9468000000000001,-1.0308,-1.9776,-62.9897
MoS2_Mo61W1Se1S127_0ebdab6d-080e-4a2f-b828-b38748ae966c,a35d9d42-63d5-4b0e-8d4f-c320456792e6,-1363.55284928,-1.6810949,0.25150000000000006,-1.253,-1.5045,-63.4355
MoS2_Mo62W1S126_afc045e4-9bf4-4788-aadd-45d24abd067d,2b7c829e-44a6-420e-9832-970f43b90872,-1368.37633478,-1.70071299,0.3823000000000001,-1.101,-1.4833,-63.1447
MoS2_Mo64S124_39283669-21e7-47a9-8ef9-76fcb1cb699b,18dba4cc-d804-483c-9139-2f0eb98ab8a2,-1370.9182043,-1.62073848,0.597,-1.3223,-1.9193,-63.0018
MoS2_Mo61W3Se1S127_a30ffae0-12f3-41ce-bb90-f6a68e98bb77,da1327d7-3992-4e9d-82bc-4d636e49008a,-1402.84122762,-1.56190357,1.7998999999999998,-0.24,-2.0399,-62.9305
MoS2_Mo63W1Se1S125_40b82535-1858-4277-87a5-f91b2afb850e,4821cae7-32c3-4f2e-a821-942d6aef19e6,-1385.42705806,-1.44235473,1.0016,-0.968,-1.9696,-62.968
MoS2_Mo64Se2S124_347ce2c4-75a8-408d-a9d8-090c4081c807,58f94a7e-f2b9-48b4-87da-07eb93cc4d0b,-1382.66360094,-1.51037034,1.1118999999999999,-0.8729,-1.9848,-62.9517
MoS2_Mo64Se2S124_dd3d1157-bfdc-4e9a-bd22-9c469502def2,58f94a7e-f2b9-48b4-87da-07eb93cc4d0b,-1382.65674595,-1.47137446,1.0054,-0.9701,-1.9755,-62.9505
MoS2_Mo63Se2S125_232a5c40-6789-4c6e-8e9b-eba0fc6ca7e6,c2e35d6d-0314-4d37-9385-16a73a4b5b57,-1371.40735651,-1.66214841,0.3832,-1.0669,-1.4501,-63.1089
MoS2_Mo62W2S126_d5f19072-78c0-428b-bd80-22cdcf57e0eb,c1420f74-6f37-477b-b2ae-5ad9a34ffdd6,-1388.29973549,-1.46289822,1.1091000000000002,-0.9,-2.0091,-62.9731
MoS2_Mo62W1Se1S126_8b233718-78f8-4661-8aa3-d9ffcf684ff6,2dfd36f8-8083-48a9-8d8c-a36e19d6e41d,-1374.25546614,-1.67157733,0.3772,-1.0746,-1.4518,-63.1116
MoS2_Mo64Se3S124_a20e43a1-64ce-4809-8e2e-c565a885741e,89610b6e-bc60-46cd-81f3-57f4c03fc28f,-1388.51804166,-1.32661414,1.1438,-0.8564,-2.0002,-62.927
MoS2_Mo63Se1S125_440b8597-9681-4dc4-8153-184eb26bfb5a,e50b9850-933b-4b6f-90f3-7b784275077d,-1365.69652921,-1.62698035,0.2771000000000001,-1.1377,-1.4148,-63.1225
MoS2_Mo61W1S127_81363241-3fe4-401c-aa7f-1e7f0eceb7aa,0345d846-afd7-4d63-9476-24362086bcbd,-1357.12776788,-1.73632,0.3212999999999999,-1.1503,-1.4716,-63.1922
MoS2_Mo62W1Se1S126_fd774110-18d0-4531-83b2-54d3a8af96a6,2dfd36f8-8083-48a9-8d8c-a36e19d6e41d,-1374.20096477,-1.65605883,0.4051,-1.0662,-1.4713,-63.1268
MoS2_Mo64Se1S124_90b79386-1a87-4910-a18f-c83e8cfe4c75,5ed98f49-177d-4f1c-a639-217444f6fa56,-1376.80864949,-1.4977982,0.9774,-1.0079,-1.9853,-62.9807
MoS2_Mo63Se3S125_3c365285-a446-43b2-96da-6d2279e392fa,10171505-527e-4cf6-a4a9-5463ad955976,-1377.23634028,-1.62978063,0.39169999999999994,-1.0396,-1.4313,-63.0815
MoS2_Mo61W3S127_6e46b1bc-178d-45d0-8aa1-5ce6661e4b37,7bedaebc-6edd-4bb7-9c17-7ba94777d36c,-1396.9902684,-1.54980648,1.1444999999999999,-0.8731,-2.0176,-62.9568
MoS2_Mo61W1Se1S127_6939f0a7-efe0-4241-9c04-4b1506073749,a35d9d42-63d5-4b0e-8d4f-c320456792e6,-1363.58827874,-1.68716854,0.25,-1.2556,-1.5056,-63.4359
MoS2_Mo63W1Se1S125_6b144d1e-d409-4087-aec8-a81815af7eae,4821cae7-32c3-4f2e-a821-942d6aef19e6,-1385.49501815,-1.54902488,1.0832000000000002,-0.9255,-2.0087,-62.9618
MoS2_Mo64Se2S124_97308480-f77f-43e8-b789-b175e8ef477a,58f94a7e-f2b9-48b4-87da-07eb93cc4d0b,-1382.78375796,-1.51221004,0.9474,-1.0392,-1.9866,-62.9546
MoS2_Mo64Se1S124_287c9e88-ae52-47c1-89cd-587a3d2955eb,5ed98f49-177d-4f1c-a639-217444f6fa56,-1376.80797335,-1.43353452,1.0755000000000001,-0.9156,-1.9911,-62.9791
MoS2_Mo63W1Se3S125_6ee8a04d-f6fa-4415-917a-74f1a41f680f,aeeee2e0-7f5c-43cf-8231-a86bf41bf6c5,-1397.18285012,-1.53098917,1.8116999999999999,-0.2156,-2.0273,-62.9073
MoS2_Mo64Se3S124_22613d77-15fe-4935-bd37-c0388b92de7f,89610b6e-bc60-46cd-81f3-57f4c03fc28f,-1388.52509725,-1.52361746,1.1496,-0.8474,-1.997,-62.9252
MoS2_Mo62W2Se2S126_68d4ed63-ba69-4956-842d-8e1217d1fdcb,54eceb28-ae9b-484b-a9a6-5e6f9c5c7013,-1400.02077148,-1.55098935,1.807,-0.2269,-2.0339,-62.9195
MoS2_Mo62Se2S126_c9edf09e-7400-474a-bc56-4a55a0fd41e6,9019e8f8-e6f0-44b4-8adc-909ccc85dd50,-1360.18744556,-1.65804633,0.2876000000000001,-1.13,-1.4176,-63.1319
MoS2_Mo64Se2S124_a43971fb-a5e9-4ab3-a564-20e508af2fce,58f94a7e-f2b9-48b4-87da-07eb93cc4d0b,-1382.6771562,-1.54317129,1.0867000000000002,-0.9157,-2.0024,-62.9487
MoS2_Mo63W1Se1S125_e6ecee4a-171e-4a6f-b787-b6de769b8657,4821cae7-32c3-4f2e-a821-942d6aef19e6,-1385.46316808,-1.44230298,1.101,-0.8971,-1.9981,-62.9617
MoS2_Mo63Se2S125_1bc370e8-bd1b-4c4d-bb55-621fc251f2c7,c2e35d6d-0314-4d37-9385-16a73a4b5b57,-1371.41605997,-1.66015279,0.35819999999999985,-1.0762,-1.4344,-63.0952
MoS2_Mo62W1Se2S126_4df26cac-4719-458e-a881-26ea087dc1df,b1b48132-8ea1-401a-b19e-6eee9bdacf0c,-1380.05241864,-1.63248162,0.4022000000000001,-1.0486,-1.4508,-63.0972
MoS2_Mo63W1Se2S125_0e278b7f-920e-407b-8e92-35e6f1ee93aa,f537f6af-ab01-4c23-8cdb-ba719fb19571,-1391.3334299,-1.33676778,1.1431999999999998,-0.8687,-2.0119,-62.9332
MoS2_Mo61W2S127_b60b9e56-00f2-41eb-b097-886ab1aad7d6,9347cc61-6f80-481b-8a29-55221c51178d,-1377.08866776,-1.67100712,0.41389999999999993,-1.0445,-1.4584,-63.1444
MoS2_Mo62W1S126_b81944dc-c49e-4a64-a301-c87dfdeb869f,2b7c829e-44a6-420e-9832-970f43b90872,-1370.78935593,-1.66142275,0.2439,-1.2795,-1.5234,-63.1217
MoS2_Mo63Se1S125_c26afe4b-257c-4b90-a8cf-20b3a78a4df6,e50b9850-933b-4b6f-90f3-7b784275077d,-1365.56496895,-1.67711928,0.38849999999999985,-1.074,-1.4625,-63.1271
MoS2_Mo63W1Se3S120_68edfffa-2ab6-46ce-877d-cf2e07163ebb,f2d30e79-ed99-4d3e-afa0-2cd3e62c2dbc,-1363.25379354,-1.5191522,0.9012,-1.0702,-1.9714,-63.0181
MoS2_Mo63W1Se2S120_04c6a9eb-c361-45fb-8216-2cb8155a12ad,e30a6242-fb80-47d6-b7ab-44d1ec292696,-1357.29176626,-1.52388023,0.9161999999999999,-1.0683,-1.9845,-63.0366
MoS2_Mo61W3Se2S122_2d6b7b03-3682-4103-bdee-63a6b53ab908,15ca6107-94da-454f-8ee1-75184b0694a4,-1374.76262144,-1.55036624,0.8101,-1.1453,-1.9554,-63.0085
MoS2_Mo61W2Se3S122_533da989-22aa-4894-b436-6d9cb6b26581,f41bb76e-444c-4665-85d3-35cff96a29f2,-1361.13563707,-1.74706093,0.13759999999999994,-1.4045,-1.5421,-63.1753
MoS2_Mo62W2Se3S121_4bbcc0fb-a738-4ddd-90f8-c9f4d68d894e,97c192bb-f819-4c2c-835e-a73414957d05,-1371.7984815,-1.62105784,0.6461999999999999,-1.298,-1.9442,-62.9896
MoS2_Mo61W2Se4S122_af1bd5a6-8322-4b02-8e4c-8f16ab8adc87,51617423-cec3-4d04-9a4e-33b0bb346b0a,-1366.93491056,-1.69020104,0.1625000000000001,-1.3215,-1.484,-63.1377
MoS2_Mo63Se3S120_a2540d08-bcb9-4d33-b50a-1146a591a5a5,cff49db6-0d14-437a-8572-5f9be378cddb,-1343.31957871,-1.718187,0.3286,-1.1653,-1.4939,-63.161
MoS2_Mo58W2Se1S125_4fa736f1-ced1-4992-8ef9-1776bd844324,f6814d54-c063-42ca-a5d7-c362d6bb0b44,-1319.93575638,-1.75200101,0.07759999999999989,-1.4103,-1.4879,-63.3408
MoS2_Mo59W3Se2S124_968cad5b-ed19-4da7-a9ce-7b819a739426,6a23aa16-4f61-4b35-bf27-738ab4794253,-1352.7982022,-1.73011417,0.1500999999999999,-1.3503,-1.5004,-63.1918
MoS2_Mo60W1Se2S123_706ab84b-9406-4a94-b64f-7b61a31981db,4c269782-16aa-4c28-a78c-91a24a596d02,-1326.90487168,-1.74758676,0.3044,-1.189,-1.4934,-63.2604
MoS2_Mo62W1Se4S121_9146a379-08fa-4e05-a271-1c98aa6d0a67,10ce139e-c6c3-44b5-be3e-409273b02e3d,-1357.73319517,-1.69102018,0.3596999999999999,-1.11,-1.4697,-63.1447
MoS2_Mo62W2Se5S121_7bab15e4-b8bf-4540-bf0a-28b6f4dcf874,ec9951fa-473f-4263-b813-f239004aae96,-1383.49614465,-1.43848052,1.1018,-0.8957,-1.9975,-62.9419
MoS2_Mo61W1Se4S122_f27acdab-5387-467a-aebd-6a02170dd751,837f59dd-f212-407f-bbae-f8d907654afc,-1346.806892,-1.67807061,0.26960000000000006,-1.155,-1.4246,-63.15
MoS2_Mo61W3Se3S122_0a438476-c874-40e0-854a-fb3fd915f860,f664ba49-ad68-4bbd-8f9e-629197b21b61,-1380.59654493,-1.50408379,0.9442000000000002,-1.0391,-1.9833,-62.9805
MoS2_Mo62W1Se4S121_32d04fec-1fe6-41f0-aba2-1747cc5c6813,10ce139e-c6c3-44b5-be3e-409273b02e3d,-1357.84950027,-1.69002355,0.38049999999999984,-1.09,-1.4705,-63.1292
MoS2_Mo59W2Se2S124_6ee63b7c-0cb2-4cdc-a6d6-544c0c19b046,d40f1961-47de-4efd-be40-ed9fe2f3341f,-1335.99165153,-1.80964041,0.2742,-1.3915,-1.6657,-63.3694
MoS2_Mo63Se3S120_b910e4d7-2dce-4a53-9ffd-4f238cf4687b,cff49db6-0d14-437a-8572-5f9be378cddb,-1343.7742313,-1.72611293,0.13829999999999987,-1.3782,-1.5165,-63.1852
MoS2_Mo61W1Se4S122_8b843a57-333f-4a37-8412-5466255ce41f,837f59dd-f212-407f-bbae-f8d907654afc,-1349.54361983,-1.69107883,0.02310000000000012,-1.4075,-1.4306,-63.2109
MoS2_Mo62Se4S121_88243afc-0d12-4841-9bb3-9cfb0128dbf1,94500918-0a36-4483-91ea-1f1ff50cc05c,-1338.31043593,-1.81467816,0.12960000000000016,-1.4503,-1.5799,-63.2518
MoS2_Mo61Se3S122_84d4ca49-b1bc-4e57-8a41-efd46e902a16,a4ebdb73-7d13-4a33-bdae-875113be604e,-1322.06995249,-1.80826608,0.05800000000000005,-1.5067,-1.5647,-63.3065
MoS2_Mo61Se4S122_faea3e19-9ee1-4014-b6bb-3892fa59ed89,97c051d2-b693-4dbf-a0df-539b20ba55da,-1327.88249676,-1.7212992,0.25870000000000015,-1.2041,-1.4628,-63.4326
MoS2_Mo61W1Se4S122_b62dec3d-225d-4dd2-8ee8-8f48e30c6a99,837f59dd-f212-407f-bbae-f8d907654afc,-1346.72226774,-1.737058,0.2957000000000001,-1.1964,-1.4921,-63.1594
MoS2_Mo62W1Se4S121_2b6e9e54-b663-412f-b144-00d6dd523234,10ce139e-c6c3-44b5-be3e-409273b02e3d,-1357.87592183,-1.67731354,0.32919999999999994,-1.122,-1.4512,-63.1236
MoS2_Mo59W2Se3S124_a0dd76f0-7243-49c3-aecc-aac9d38443f7,ae8941d4-6026-47dc-a070-a2efb54296b4,-1338.18190779,-1.77599009,0.2729999999999999,-1.2397,-1.5127,-63.2004
MoS2_Mo62Se4S121_fc1d4d74-f30e-42e8-9bc2-be1aff05b976,94500918-0a36-4483-91ea-1f1ff50cc05c,-1338.60392545,-1.71238641,0.2602,-1.2825,-1.5427,-63.4613
MoS2_Mo62W1Se6S121_e360a7b3-46cc-4c8f-a608-306b77735261,27522474-24fb-4602-be15-9e487acf39dc,-1369.74217788,-1.5981424,0.24819999999999998,-1.1267,-1.3749,-63.075
MoS2_Mo61W2Se5S122_a677a08f-3178-4e18-9c1f-b794305baade,828ffddb-e7a1-4c1a-95f4-1d966914baeb,-1372.31398493,-1.65924586,0.3188,-1.0907,-1.4095,-63.0881
MoS2_Mo61W2Se6S122_265a3612-c25e-4832-85fe-bed15bc349c9,5b63b0a7-6282-438c-807e-921220ea5936,-1378.13914069,-1.62658615,0.34309999999999996,-1.0596,-1.4027,-63.068
MoS2_Mo62W1Se4S121_0993d21a-1eef-4064-ac5a-3d64540b7ee0,10ce139e-c6c3-44b5-be3e-409273b02e3d,-1357.81014635,-1.68115693,0.39270000000000005,-1.0803,-1.473,-63.1338
MoS2_Mo60W2Se1S123_6b019469-0370-40e3-a1f3-54a51a0b8438,235a0518-75d3-4438-aa1b-d36e7f96e1cc,-1339.78836856,-1.72147446,0.13590000000000013,-1.3496,-1.4855,-63.2166
MoS2_Mo62W2Se6S121_ee0cfbee-528a-4da6-98f2-0862566ddb99,4f59f49e-e9a4-47d2-9dbe-edf6cc9f0072,-1389.44772279,-1.53506265,1.1611,-0.8343,-1.9954,-62.9133
MoS2_Mo62W2Se4S121_8822d427-291c-44a9-96aa-0d5cb90248cc,b6ebfaaa-bf8b-48e6-a3ce-87fcf999c787,-1377.72119885,-1.46793596,0.9461999999999999,-1.0054,-1.9516,-62.9748
MoS2_Mo62W1Se4S121_4300349b-5c7a-476a-b193-82526b81d36a,10ce139e-c6c3-44b5-be3e-409273b02e3d,-1360.03587487,-1.62201946,0.4877999999999999,-0.9183,-1.4061,-63.078
MoS2_Mo61W1Se3S122_20e1b6c7-ea7d-47fb-9362-52a8a8e19c42,ef9309b3-369a-422e-999d-eb40bb707767,-1341.31897586,-1.74332137,0.07159999999999989,-1.4675,-1.5391,-63.1923
MoS2_Mo61W2Se2S122_3f2d4e36-3850-46d1-b84c-3ff86a304a1d,5e098536-5366-4de7-ade3-cffe9b9a95f8,-1355.87113006,-1.69110494,0.08630000000000004,-1.3406,-1.4269,-63.2157
MoS2_Mo59W2Se1S124_5fb7e335-9d0b-42ff-b3ca-b39ddfc590ba,5017139c-c070-43f6-8d1f-5f25ca52439d,-1327.55203859,-1.8032997,0.06289999999999996,-1.4921,-1.555,-63.2922
MoS2_Mo60W1Se2S123_922211da-898e-4576-b4f6-b2d9cb78234c,4c269782-16aa-4c28-a78c-91a24a596d02,-1327.06466293,-1.79810894,0.08970000000000011,-1.4541,-1.5438,-63.2589
MoS2_Mo59W4Se2S124_d11b9747-381d-40be-998a-8212671ca97c,b4ba04db-a766-4924-b92c-39dc316c2180,-1372.12455756,-1.70646109,0.33509999999999995,-1.1316,-1.4667,-63.1465
MoS2_Mo60W3Se2S123_298bfb69-9c1f-433c-aa84-14b81e5faaca,b22a2bdf-8a2b-4fce-b208-8bf48b724956,-1363.51456249,-1.70806355,0.34619999999999984,-1.1262,-1.4724,-63.1519
MoS2_Mo62W1Se2S121_3142b091-0c54-46c4-bbf7-4388ca40fbf4,351ded6c-4732-4aca-b917-2d7cd6aa0ae7,-1346.25657877,-1.73766152,0.3783000000000001,-1.138,-1.5163,-63.1784
MoS2_Mo61W1Se3S122_8cf14b47-1fe4-4b97-a1c3-c0c8ca2b3560,ef9309b3-369a-422e-999d-eb40bb707767,-1345.45311087,-1.62805102,0.35329999999999995,-1.1113,-1.4646,-63.188
MoS2_Mo63Se5S120_b0edeceb-fcf0-45e3-b0a9-dac659d14588,3537a506-261f-4c4f-b939-e84f88a52803,-1355.04713014,-1.6660335,0.3691,-1.0782,-1.4473,-63.1158
MoS2_Mo61W1Se2S122_25ad1244-1b93-411e-8cf5-d40650800800,502caba4-c53c-46ea-b69b-8c34c482bf5c,-1335.77701008,-1.67501483,0.2681,-1.2042,-1.4723,-63.5185
MoS2_Mo61W1Se5S122_02d67556-fb33-4de7-be81-f2e8a0265d9f,903c8a31-1209-4011-9077-e8aaabf9509a,-1352.92974397,-1.70059247,0.09139999999999993,-1.3784,-1.4698,-63.2077
MoS2_Mo62W2Se4S121_d3879422-30b8-43da-9b80-189b9e894a4a,b6ebfaaa-bf8b-48e6-a3ce-87fcf999c787,-1377.74897965,-1.52783104,1.088,-0.8973,-1.9853,-62.9615
MoS2_Mo61W2Se3S122_06100125-874b-4eba-bf93-c0ca7eaac689,f41bb76e-444c-4665-85d3-35cff96a29f2,-1360.82205908,-1.68855202,0.3154000000000001,-1.156,-1.4714,-63.1435
MoS2_Mo61W1Se2S122_cdd1a860-d689-44ed-931a-660dc2b9fbb4,502caba4-c53c-46ea-b69b-8c34c482bf5c,-1337.4405101,-1.7572596,0.13049999999999984,-1.4328,-1.5633,-63.2472
MoS2_Mo59W3Se3S124_0e96499a-b40e-45b6-8672-f3b87e03c7d7,e4a0589d-35bc-4e91-add1-38e53993500a,-1358.12006305,-1.71945523,0.30479999999999996,-1.1484,-1.4532,-63.1613
MoS2_Mo62W1Se4S121_341003cd-b12a-4cc9-84af-ec4bfa739de0,10ce139e-c6c3-44b5-be3e-409273b02e3d,-1358.51097934,-1.69747733,0.15349999999999997,-1.3253,-1.4788,-63.1506
MoS2_Mo62W1Se3S121_1137e862-0db9-4427-80f0-5c15ba244a47,5f109d28-afff-4b18-a1b1-c733ab2db65b,-1351.97091194,-1.71938747,0.12629999999999986,-1.3622,-1.4885,-63.1517
MoS2_Mo60W1Se2S123_f49231d5-3cae-4f80-b973-d27afaedad11,4c269782-16aa-4c28-a78c-91a24a596d02,-1326.59765887,-1.7218243,0.2723,-1.2446,-1.5169,-63.3063
MoS2_Mo64Se4S119_8c4d19c8-631d-43e1-88dc-f3bc8372f0ff,1618b127-4f0d-402d-9eac-026139b715a8,-1360.32990227,-1.60743897,0.5737000000000001,-1.3206,-1.8943,-63.006
MoS2_Mo60W3Se2S123_cec1f4af-f623-4d87-9fb4-9383f5f8c6ad,b22a2bdf-8a2b-4fce-b208-8bf48b724956,-1363.54602576,-1.71993099,0.3671,-1.129,-1.4961,-63.1575
MoS2_Mo62W1Se5S121_f4060812-3d31-4ccc-85ba-130812c15e84,b9421a49-87b3-494f-84a9-a4b60326bc6f,-1363.70661167,-1.65301889,0.35020000000000007,-1.0772,-1.4274,-63.0956
MoS2_Mo62W2Se3S121_5ff34a9a-6d07-4751-a2c1-e22716a95ac6,97c192bb-f819-4c2c-835e-a73414957d05,-1371.86973778,-1.45702669,1.0095,-0.9819,-1.9914,-63.005
MoS2_Mo62W1Se4S121_f84e52a4-a3d2-40ee-b8d3-49a625062d40,10ce139e-c6c3-44b5-be3e-409273b02e3d,-1357.89215609,-1.70243293,0.13180000000000014,-1.3293,-1.4611,-63.1394
MoS2_Mo62W2Se3S121_6464524e-b919-437a-b0bc-6d9be552331a,97c192bb-f819-4c2c-835e-a73414957d05,-1371.89173079,-1.46133968,1.0453999999999999,-0.9434,-1.9888,-62.9924
MoS2_Mo60W2Se1S123_99f51605-083c-455a-ad85-8124c957c2db,235a0518-75d3-4438-aa1b-d36e7f96e1cc,-1339.85253866,-1.75601841,0.15769999999999995,-1.3975,-1.5552,-63.2119
MoS2_Mo61W2Se3S122_b6ed8f85-a366-4d81-a578-a74bf1aee7d5,f41bb76e-444c-4665-85d3-35cff96a29f2,-1360.6630209,-1.69400598,0.3293999999999999,-1.1323,-1.4617,-63.1347
MoS2_Mo61W3Se5S122_31406a91-ec66-4804-8f4f-9606299249aa,c3dbc64e-b489-4099-8e2e-0beefa1f8827,-1392.27648017,-1.54016895,1.1502999999999999,-0.8564,-2.0067,-62.9293
MoS2_Mo62W1Se4S121_5f97f77f-34bb-4313-aba5-78e7b41c4aab,10ce139e-c6c3-44b5-be3e-409273b02e3d,-1357.9008063,-1.72656051,0.17090000000000005,-1.4317,-1.6026,-63.1166
MoS2_Mo62Se2S121_5ebbdd40-efbf-4675-aba9-ba1b36a7ac9c,5befae58-41f3-47e0-aa0f-e24e8da1df23,-1328.30489632,-1.75213588,0.09980000000000011,-1.4598,-1.5596,-63.2284
MoS2_Mo60Se3S123_b572aab9-7750-4931-880b-aa90093a4cda,1db1e7e2-714d-4474-9418-ee37b22cb267,-1314.26627129,-1.78097653,0.13840000000000008,-1.3949,-1.5333,-63.3848
MoS2_Mo60W2Se1S123_1b4ede60-49f6-4860-a87e-ee940a20af56,235a0518-75d3-4438-aa1b-d36e7f96e1cc,-1337.73170264,-1.78956913,0.31420000000000003,-1.2235,-1.5377,-63.2274
MoS2_Mo59W1Se3S124_27463052-579f-4052-b730-26d78b0eb3fc,c7b046cc-795b-401d-aaf8-7fdcfb36c527,-1318.91196604,-1.7334286,0.2430000000000001,-1.2584,-1.5014,-63.5708
MoS2_Mo58W3Se1S125_745d099e-fded-4268-8b40-129f9a9f4320,b86efb4e-5e9e-4512-b901-7205938e0623,-1335.96503241,-1.69029231,0.2410000000000001,-1.2424,-1.4834,-63.5232
MoS2_Mo64Se4S119_38341b78-88d0-4b65-8bef-8d994a141976,1618b127-4f0d-402d-9eac-026139b715a8,-1360.32196157,-1.62040449,0.6629,-1.2899,-1.9528,-62.993
MoS2_Mo62W1Se5S121_31abb189-1756-44fe-a2e0-b5778abf5829,b9421a49-87b3-494f-84a9-a4b60326bc6f,-1364.18914197,-1.68663871,0.15900000000000003,-1.3265,-1.4855,-63.1436
MoS2_Mo60Se3S123_de76cb95-7816-4bd6-b375-64ee0b0ea952,1db1e7e2-714d-4474-9418-ee37b22cb267,-1312.25202965,-1.76584493,0.04620000000000002,-1.4845,-1.5307,-63.2936
MoS2_Mo61W3Se3S122_7fcbcd95-f94d-4ac9-9365-9dbca7801b32,f664ba49-ad68-4bbd-8f9e-629197b21b61,-1380.55194358,-1.45288071,1.0161,-0.9776,-1.9937,-62.9912
MoS2_Mo59W4Se1S124_7cce1837-723f-45ef-b08b-a81e580248af,753012cd-ce9e-4cb9-a1b0-c7b1b6741de1,-1366.43017867,-1.7298535,0.3922000000000001,-1.1033,-1.4955,-63.1712
MoS2_Mo63Se4S120_49b3879a-16f8-4248-84cb-3afc492aa2a7,de06cf73-eea3-4c69-b7ec-563d656d2b3d,-1349.40871478,-1.74987104,0.14439999999999986,-1.4651,-1.6095,-63.1167
MoS2_Mo63Se6S120_f57fb67c-ba6e-46f5-948c-d8e0ea237ddc,2aa20ec4-da9b-4d61-befe-d07b76d4d0a5,-1361.34736163,-1.68507755,0.16010000000000013,-1.3214,-1.4815,-63.1437
MoS2_Mo59W3Se3S124_31cd9af5-0f99-4167-ae50-aeb336372f8b,e4a0589d-35bc-4e91-add1-38e53993500a,-1358.22167577,-1.67820577,0.20720000000000005,-1.2202,-1.4274,-63.1593
MoS2_Mo62W2Se3S121_36226879-a141-47a0-aca1-4af0c7fbac3b,97c192bb-f819-4c2c-835e-a73414957d05,-1371.81747268,-1.61373742,0.6968999999999999,-1.2655,-1.9624,-62.9897
MoS2_Mo62Se2S121_b7622d26-5ac6-487a-897b-02803dc6ddec,5befae58-41f3-47e0-aa0f-e24e8da1df23,-1327.70372918,-1.80663984,0.04599999999999982,-1.5092,-1.5552,-63.2324
MoS2_Mo58W2S125_d803fd10-4f08-442d-b461-6a6d70a2fb3b,93f96849-57a1-4173-8027-665986c57584,-1317.76332756,-1.95996061,0.18010000000000015,-1.5131,-1.6932,-63.4139
MoS2_Mo62Se5S121_8555b6a7-e65c-4435-be60-42f786915870,4d506d06-dd26-4e5c-a8d6-078b0e0758a9,-1344.01994795,-1.67390432,0.20040000000000013,-1.2004,-1.4008,-63.1447
MoS2_Mo62Se3S121_a9a72e18-650a-4dd5-8a70-9754885ec081,a80446cc-36be-4af6-a6db-f12e07b1ecd7,-1332.29117057,-1.78136679,0.3004,-1.2079,-1.5083,-63.18
MoS2_Mo63Se3S120_89d41f37-d492-4386-b667-193647b1ad88,cff49db6-0d14-437a-8572-5f9be378cddb,-1343.40284948,-1.7066195,0.3468,-1.1332,-1.48,-63.1675
MoS2_Mo62W1Se3S121_f35eda21-b33d-4b14-85f5-fcceb4361e6f,5f109d28-afff-4b18-a1b1-c733ab2db65b,-1352.55647122,-1.72042657,0.12540000000000018,-1.3778,-1.5032,-63.1868
MoS2_Mo61Se4S122_5884e0b0-d544-44c9-8787-883f1fde3d98,97c051d2-b693-4dbf-a0df-539b20ba55da,-1327.59753098,-1.7648352,0.09620000000000006,-1.4373,-1.5335,-63.244
MoS2_Mo58W2Se1S125_0e6481b2-6c38-4b24-8b1d-da758f0ea118,f6814d54-c063-42ca-a5d7-c362d6bb0b44,-1318.75134277,-1.74383176,0.08310000000000017,-1.4221,-1.5052,-63.4758
MoS2_Mo62W1Se4S121_3a0882a1-4c99-4a52-99a0-831f4b431d4c,10ce139e-c6c3-44b5-be3e-409273b02e3d,-1358.2314934,-1.77546455,0.18159999999999998,-1.4244,-1.606,-63.0859
MoS2_Mo61W1Se4S122_1ca18d46-2dfc-4dd6-8d51-7fe56b6d561a,837f59dd-f212-407f-bbae-f8d907654afc,-1346.69868833,-1.71552364,0.3209000000000002,-1.1419,-1.4628,-63.1598
MoS2_Mo62W1Se4S121_1902c6da-5c84-456b-a87d-09bd62dcde43,10ce139e-c6c3-44b5-be3e-409273b02e3d,-1358.25352691,-1.70003432,0.16670000000000007,-1.3414,-1.5081,-63.1605
MoS2_Mo60W3Se1S123_c3dc54f1-3d43-43ba-ad23-874ba09d65ee,e4a10ef7-38b5-473b-b9bb-ea130f643fdf,-1357.34526894,-1.70638011,0.2654000000000001,-1.1712,-1.4366,-63.1546
MoS2_Mo59W3Se2S124_cec93f00-bff9-4d1e-8537-c8cf5f0658c4,6a23aa16-4f61-4b35-bf27-738ab4794253,-1352.21794828,-1.70471565,0.26570000000000005,-1.1854,-1.4511,-63.1805
MoS2_Mo62Se2S121_5d24eb40-7d4a-4487-a5d0-c813a182cc7c,5befae58-41f3-47e0-aa0f-e24e8da1df23,-1328.18417115,-1.76397865,0.07309999999999994,-1.4374,-1.5105,-63.2322
MoS2_Mo61W3Se2S122_5e028483-5611-4c37-ac22-3d15ef6956f3,15ca6107-94da-454f-8ee1-75184b0694a4,-1374.67700096,-1.47592849,1.0262,-0.9797,-2.0059,-63.0004
MoS2_Mo63Se6S120_f36823f5-3394-417d-9a9f-8f1bcce7a0f2,2aa20ec4-da9b-4d61-befe-d07b76d4d0a5,-1360.93930379,-1.68514115,0.2883,-1.1341,-1.4224,-63.075
MoS2_Mo58W4Se1S125_2b7d2be0-7468-4eb1-8f99-c86ddbfe3545,b0695bce-f31a-4c4e-9aa3-18e64d064e27,-1355.20644111,-1.70886467,0.26439999999999997,-1.2211,-1.4855,-63.1951
MoS2_Mo60W3Se2S123_ba815b5e-2c0d-48a5-8d36-77b25cdb0f47,b22a2bdf-8a2b-4fce-b208-8bf48b724956,-1363.54302011,-1.70965404,0.38559999999999994,-1.1084,-1.494,-63.1548
MoS2_Mo62W2Se3S121_cbc3cf3d-c3c5-4e17-870d-5b6ce730b47d,97c192bb-f819-4c2c-835e-a73414957d05,-1371.72028482,-1.60096371,0.6354,-1.2833,-1.9187,-62.9866
MoS2_Mo60W2Se3S123_ba19f56a-ede5-40c1-8d4f-538cfad9bb90,643cd340-10ed-474e-ad06-debfbb06c1ad,-1349.61528261,-1.74539627,0.3167,-1.177,-1.4937,-63.1643
MoS2_Mo60W2Se2S123_008b6f10-761b-4396-aa88-32b98d67be80,15ce7a12-dbcc-444a-9cdd-456a33e7914c,-1344.18040652,-1.76992911,0.08579999999999988,-1.4877,-1.5735,-63.1911
MoS2_Mo63W1Se5S120_44fe6237-7cc6-49cd-9bfe-460e65ffd3b4,58572492-e16f-44be-bbb4-6ccb6a5b28b1,-1374.95746925,-1.43231737,1.0825,-0.8877,-1.9702,-62.9551
MoS2_Mo62Se3S121_12b99baf-2c9e-4438-a21a-04f602ea3883,a80446cc-36be-4af6-a6db-f12e07b1ecd7,-1333.29830011,-1.78313873,0.16660000000000008,-1.4355,-1.6021,-63.2808
MoS2_Mo60W2Se4S123_c49f84b8-c445-4afa-8be4-de7ed270829f,c332eab1-e63e-4120-93ea-1f73cc2be0a8,-1355.25184109,-1.7175874,0.3248,-1.129,-1.4538,-63.1777
MoS2_Mo63Se5S120_86afd8ec-411d-401c-880e-b70bc4b8c132,3537a506-261f-4c4f-b939-e84f88a52803,-1355.84195884,-1.69345276,0.11260000000000003,-1.3948,-1.5074,-63.1349
MoS2_Mo60W3Se4S118_95c78fd4-2dac-4776-90d8-fc4717abefb5,0972e3c5-93d8-4d85-b4f1-257e751c6906,-1341.45775458,-1.73878992,0.34509999999999996,-1.1724,-1.5175,-63.1791
MoS2_Mo57W3Se4S121_6758394c-f227-4dc7-aefd-21e96f50a621,eb77e715-3d2b-4f4f-a15a-080e35965338,-1312.93893847,-1.69911098,0.11919999999999997,-1.4037,-1.5229,-63.5952
MoS2_Mo60W3Se4S118_d90c9468-a64e-4ec9-b1ab-7620788299fb,0972e3c5-93d8-4d85-b4f1-257e751c6906,-1343.40804669,-1.80207455,0.14449999999999985,-1.4973,-1.6418,-63.0938
MoS2_Mo61W2Se7S117_24391ea4-1146-485b-9ad2-e1e8b3a348ce,a5046633-a2a7-4806-b775-7a6c41792ec5,-1351.11709298,-1.68309485,0.10210000000000008,-1.378,-1.4801,-63.1253
MoS2_Mo58W3Se3S120_20271bf8-6105-4a87-bd42-1d808dcf0c6d,c8e18df9-3b4c-43a5-8b05-7691fbbd09fe,-1315.29105302,-1.79468282,0.058499999999999996,-1.4613,-1.5198,-63.3541
MoS2_Mo60W2Se5S118_96a9d748-c3dc-4e42-b150-0e4abfd085ee,9a424bfe-cf87-4ba5-8951-d68ed52a3b57,-1329.28731672,-1.75214153,0.0827,-1.4423,-1.525,-63.2229
MoS2_Mo58W2Se6S120_44557ba2-fcb9-47b6-867a-fa1765641441,6bfc7417-f8f6-4a49-a0fb-443a73c9874a,-1312.94931608,-1.81674958,0.040999999999999925,-1.5375,-1.5785,-63.2631
MoS2_Mo60W4Se3S118_e5d98f56-f270-40d4-8b59-3a872dd3af5c,dcd0c768-8dc3-4bb5-9d7c-e53ee924f3d2,-1355.15657151,-1.55771374,0.8784000000000001,-1.1171,-1.9955,-63.0662
MoS2_Mo61W3Se6S117_7143dad8-39a3-42a2-bec1-cc448c105bb2,82294fff-6196-4416-889f-93be72511598,-1364.14989866,-1.51441204,0.9154,-1.0558,-1.9712,-62.9924
MoS2_Mo61Se8S117_96058f09-c46e-4e7b-b553-f2e2695e54cf,b89b5fbd-796a-4f5f-89e7-f5fd71a68f89,-1321.01152344,-1.71947202,0.07559999999999989,-1.401,-1.4766,-63.3967
MoS2_Mo60W2Se6S118_bfe63e0b-33bf-4211-a5f8-ccf4e4b95187,a31c35e7-37b8-45e9-8ca6-815834b050c3,-1336.26608701,-1.66591808,0.05879999999999996,-1.3371,-1.3959,-63.5178
MoS2_Mo56W4Se5S122_3b45923d-d8a8-4be4-ac6b-b322e9618270,c676b24e-19fd-4d31-b8e1-df5a2ce63f4e,-1325.07061353,-1.79508406,0.16300000000000003,-1.3585,-1.5215,-63.4608
MoS2_Mo60W3Se5S118_6280bda9-824c-4643-9c92-55c204c87f2a,32b155ed-4af6-42cc-a5d2-d72598700e9c,-1347.67876229,-1.72900057,0.10139999999999993,-1.4475,-1.5489,-63.1455
MoS2_Mo61Se4S117_4079b58c-bddc-4ff0-80bb-67149a05bd12,e06fa181-2ce9-4c74-b8f3-034e6b94c457,-1296.24233345,-1.83542558,0.029100000000000126,-1.5431,-1.5722,-63.3667
MoS2_Mo58W3Se3S120_8225953b-ff7b-462e-a39f-7df093b03c1d,c8e18df9-3b4c-43a5-8b05-7691fbbd09fe,-1315.55067832,-1.80131762,0.09119999999999995,-1.4793,-1.5705,-63.3348
MoS2_Mo60W3Se5S118_415f58fa-1dfd-41e2-9e63-b369c8dbce33,32b155ed-4af6-42cc-a5d2-d72598700e9c,-1347.19943707,-1.765305,0.3665999999999998,-1.1684,-1.535,-63.1489
MoS2_Mo59W2Se2S119_72ed5342-b778-4aac-83e6-96d3c9ad202a,f7ce1447-9ef4-4302-813f-51de1c4057ec,-1299.81922267,-1.89469142,0.0988,-1.6026,-1.7014,-63.4571
MoS2_Mo60W1Se4S118_473bc551-a997-4fc5-b370-132038735c7c,e2f0a3a4-5590-4ee3-bd9d-ae378fd6cd4b,-1304.98495704,-1.80624863,0.1513,-1.3964,-1.5477,-63.4917
MoS2_Mo58W4Se2S120_a4b1cee3-a785-44ac-be7c-13e632b95410,5765fe5b-23ae-4d1a-9e4a-99e3cf52ce7b,-1327.03904558,-1.81943665,0.040100000000000025,-1.5205,-1.5606,-63.2868
MoS2_Mo62Se5S116_5eb997c8-7faf-4a86-8597-2da8a2315890,bbdbdb0c-cd51-4bf9-833d-1cf0f5b52902,-1311.03674458,-1.80531111,0.17100000000000004,-1.4644,-1.6354,-63.2613
MoS2_Mo57W4Se4S121_9de3abcb-e2f7-43f5-90f3-b2d69bfcb836,caa03bc9-088a-45cc-b690-696f3db06160,-1332.37959869,-1.6930395,0.26049999999999995,-1.205,-1.4655,-63.4037
MoS2_Mo56W4Se3S122_33830040-3c4f-4946-bd8f-37e701069b74,7d6e2331-afb5-4364-a7e1-194161d93188,-1314.02994416,-1.83713719,0.11739999999999995,-1.5031,-1.6205,-63.3382
MoS2_Mo60W1Se5S118_f695aaae-4b54-48c1-9c47-2d5e815da6d5,7393639c-fea6-49f4-a5b4-b0033cc2c7e4,-1307.72182346,-1.82150222,0.07529999999999992,-1.486,-1.5613,-63.3146
MoS2_Mo59W1Se4S119_909a688e-53a2-475d-9a31-0bd12201ef5d,d581950d-1512-4dec-85fa-a2af7c9e349c,-1294.94055148,-1.84529501,0.04389999999999983,-1.5516,-1.5955,-63.2835
MoS2_Mo61W2Se5S117_9a465b72-532a-4e73-8878-a2f46f45e07e,be83e4e6-44bd-4f48-8586-ef76d17c0deb,-1338.24833207,-1.73983565,0.35230000000000006,-1.153,-1.5053,-63.1878
MoS2_Mo58W4Se3S120_b766cab5-595c-45f1-a71d-0fde609ac09b,dcd991ca-73d5-44dc-8179-3af2191d18ae,-1333.15725887,-1.78908345,0.2532000000000001,-1.2684,-1.5216,-63.2338
MoS2_Mo57W4Se3S121_6336cbf0-4a5d-4404-8d30-790566398c96,03bdae92-d609-41fc-b4c3-698c55286fa1,-1324.75591926,-1.77905876,0.18270000000000008,-1.4197,-1.6024,-63.2695
MoS2_Mo59W2Se6S119_57ceb745-64b3-4e75-8bbb-2407e129cac2,c0d35db0-8e5f-40cb-b57c-8877ba257e97,-1324.40333205,-1.75980453,0.056599999999999984,-1.4326,-1.4892,-63.2178
MoS2_Mo62W2Se4S116_ea9d5813-68c4-41b3-b6c8-acbece52f40f,d6bc2e38-6f0a-4a75-900a-32e962e56c0d,-1343.47041394,-1.66802839,0.12559999999999993,-1.3321,-1.4577,-63.0586
MoS2_Mo59W2Se4S119_39119272-cacd-4a42-b90a-d3e7e2537390,4251d061-9445-42be-8cce-55d3aaf83f35,-1311.87196921,-1.78229218,0.1227999999999998,-1.479,-1.6018,-63.2658
MoS2_Mo60W2Se7S118_df1251af-67ef-4ffe-bf22-cce70e2ae19b,d87731ab-0f40-4e20-a9fd-34206cebf455,-1339.8592389,-1.63471661,0.10990000000000011,-1.3256,-1.4355,-63.4194
MoS2_Mo56W4Se4S122_28ca496f-b60a-45fe-ac86-e08612cc2e8c,5959791f-12f2-4aaf-b687-90514b9f2984,-1316.97681378,-1.80863199,0.04679999999999995,-1.4995,-1.5463,-63.3625
MoS2_Mo57W4Se3S121_23a2fc5e-21be-4f7e-a495-47fcff63812b,03bdae92-d609-41fc-b4c3-698c55286fa1,-1324.25147846,-1.80279525,0.06230000000000002,-1.514,-1.5763,-63.2965
MoS2_Mo58W2Se3S120_94c8b6ad-0eeb-4f98-a436-a498818ca516,a0bbf79b-6d66-4b1a-afa3-82c54212fae9,-1296.61711565,-1.85069686,0.07089999999999996,-1.5255,-1.5964,-63.3154
MoS2_Mo56W4Se1S122_dc05c576-af56-4203-89ea-12c432a1a34b,0ccb3593-6883-47e9-8a71-67a5efa592d8,-1302.09295042,-1.87810911,0.017199999999999882,-1.5945,-1.6117,-63.3558
MoS2_Mo61W2Se3S117_5fb4fc6f-c2a9-4eed-9500-89c4ed76abff,a5187a30-2b48-4cd7-9b4a-4292cc4725aa,-1326.9816959,-1.77470995,0.15590000000000015,-1.3996,-1.5555,-63.1763
MoS2_Mo59W2Se3S119_3147687c-6e3d-4d14-8e89-41c203406bb4,b9c749ef-0fb3-4ccd-b387-65578c232200,-1306.78243256,-1.83228297,0.09780000000000011,-1.5101,-1.6079,-63.3117
MoS2_Mo56W4Se3S122_1242fae0-208c-44f5-9381-bd7899406c9c,7d6e2331-afb5-4364-a7e1-194161d93188,-1314.9346606,-1.75878831,0.1875,-1.3078,-1.4953,-63.6092
MoS2_Mo60W3Se3S118_24d407b9-3975-4934-887d-15f0173f8156,9cd4bff6-c1a0-47ff-9017-4af264264951,-1335.2926618,-1.78524065,0.18799999999999994,-1.3824,-1.5704,-63.2303
MoS2_Mo60W3Se7S118_5fdb6ea1-fe85-40e9-bc44-3cb84216f979,6035021e-8755-425e-8d17-6c63f9e858f8,-1359.28262245,-1.67315602,0.11569999999999991,-1.3528,-1.4685,-63.1448
MoS2_Mo56W4Se2S122_61d5e59e-335f-4026-bf18-15769c43a20b,42bd2b97-c060-475e-83d4-e11bfe3cbbcf,-1306.86729489,-1.83474576,0.11339999999999995,-1.5401,-1.6535,-63.5837
MoS2_Mo58W4Se1S120_660d6cb2-ebf0-47df-bde7-6109f5242562,6a14f211-1fe0-4ce8-8ec6-b08416aa429a,-1326.67200095,-1.81637309,0.14549999999999996,-1.5026,-1.6481,-63.328
MoS2_Mo58W4Se4S120_b31d5b94-df9b-43e9-8edf-0b7902fdacb4,12bc9344-a23a-4997-9391-68c496aa6a2f,-1342.79954949,-1.7196366,0.05790000000000006,-1.4384,-1.4963,-63.1884
MoS2_Mo57W4Se6S121_3248810e-b6ae-485f-96d4-cddbee583cd6,244aedf3-9c34-45b9-ade9-c0bd91ee224f,-1339.20794498,-1.74427013,0.04420000000000002,-1.4499,-1.4941,-63.1864
MoS2_Mo61W2Se8S117_ee97b6c7-a64a-450e-9813-965fe4300d61,15a19eea-d944-4abf-a2a1-fa50816097ca,-1356.44743574,-1.6925469,0.15969999999999995,-1.3264,-1.4861,-63.147
MoS2_Mo62W2Se8S116_4e387d5a-4c2c-4e5d-8c3e-56fae9dc1520,c1204ab3-5c66-417b-8f19-3fd4b7881baf,-1367.16131473,-1.58652082,0.6502999999999999,-1.2614,-1.9117,-62.9644
MoS2_Mo58W4Se4S120_3a313d59-0ff7-4da0-9238-d04326b51e85,12bc9344-a23a-4997-9391-68c496aa6a2f,-1338.90480055,-1.74277022,0.09979999999999989,-1.3988,-1.4986,-63.2142
MoS2_Mo58W2Se5S120_c1057327-1e7f-4cf9-8bbb-51d792686170,38b391b5-4998-42a0-b180-5da904b5c8d3,-1306.14658615,-1.76671676,0.09699999999999998,-1.4703,-1.5673,-63.5393
MoS2_Mo61W2Se7S117_a194abdb-686b-4e55-bdad-f407799d6122,a5046633-a2a7-4806-b775-7a6c41792ec5,-1350.22602987,-1.64702894,0.2936000000000001,-1.1133,-1.4069,-63.1026
MoS2_Mo58W3Se2S120_5df4080c-c7de-4c42-a479-37b2353312f5,5bd717a9-1b2e-45d9-9ce9-8a8c2abf17f5,-1310.65778402,-1.71690984,0.1645000000000001,-1.2785,-1.443,-63.4806
MoS2_Mo61W2Se7S117_acba3816-d32a-489c-9dd2-646ea4a1cd40,a5046633-a2a7-4806-b775-7a6c41792ec5,-1350.15426838,-1.68633129,0.3630000000000002,-1.0776,-1.4406,-63.1235
MoS2_Mo59W2Se5S119_222f8366-48e1-4077-a9b5-b15cc6bee59e,ae20417e-21a4-4891-9c75-8eb2b8956a54,-1321.33283888,-1.69800409,0.10770000000000013,-1.3534,-1.4611,-63.2855
MoS2_Mo59W2Se7S119_539e5bc7-bf5b-4017-b190-23d40ffb865c,3f523d35-85f7-4bf0-a802-319466a6cffa,-1327.97663843,-1.77036306,0.057800000000000074,-1.4707,-1.5285,-63.2503
MoS2_Mo57W3Se4S121_fac36d54-ece3-4ebf-b318-6bf42b6fe9b5,eb77e715-3d2b-4f4f-a15a-080e35965338,-1311.38272411,-1.75557673,0.09149999999999991,-1.4086,-1.5001,-63.579
MoS2_Mo58W4Se4S120_2fd4ac67-1750-4055-ad26-2145973a7001,12bc9344-a23a-4997-9391-68c496aa6a2f,-1338.87710355,-1.7310992,0.29469999999999996,-1.2184,-1.5131,-63.2172
MoS2_Mo59W3Se4S119_f024c245-ca4a-4a39-8370-d7bd17b9a82c,25c7a2c6-6a81-4146-b81c-b990244720a8,-1330.8473906,-1.70747628,0.16260000000000008,-1.3273,-1.4899,-63.3778
MoS2_Mo59W4Se4S119_3184cd50-f7a5-4bf6-86c6-4c5a83bc3562,983d26ef-a624-49fe-ae8b-e8da1a0b8a31,-1352.18830057,-1.71384966,0.12819999999999987,-1.4184,-1.5466,-63.2142
MoS2_Mo62W2Se6S116_07c6781a-7665-42a0-a64b-b61ded79e3eb,f9093567-a770-4a6b-9ee6-e243c5d862f5,-1355.3173358,-1.61891798,0.6517000000000002,-1.2932,-1.9449,-63.0165
MoS2_Mo59W3Se5S119_1aae2b6c-3acb-4fd6-b0f4-4065fc1c0969,8b298d9c-964a-411b-9c22-e10406849358,-1339.10451121,-1.67420297,0.08050000000000002,-1.3587,-1.4392,-63.237
MoS2_Mo59W1Se3S119_3702e941-ef4a-472b-87b5-d989bc80e041,3e4c0ffb-f87b-4cb4-8987-83ad0bb73208,-1287.34024923,-1.79770411,0.04789999999999983,-1.5035,-1.5514,-63.488
MoS2_Mo57W3Se4S121_eca8e2cf-091c-407f-822e-83291f4d4df7,eb77e715-3d2b-4f4f-a15a-080e35965338,-1312.89773824,-1.7481746,0.13929999999999998,-1.3701,-1.5094,-63.4374
MoS2_Mo58W2Se5S120_97851dca-af0c-4289-a477-7a9c241cb53f,38b391b5-4998-42a0-b180-5da904b5c8d3,-1307.6310381,-1.78865852,0.12159999999999993,-1.4172,-1.5388,-63.3434
MoS2_Mo60W2Se3S118_18f13584-f31a-4d87-967e-54026c6dccbc,24387c2e-95fe-44bb-9adf-6e5731fc4d09,-1316.4249062,-1.85314829,0.0918000000000001,-1.5286,-1.6204,-63.2802
MoS2_Mo60W2Se5S118_bb37ad2a-8b69-4dbf-9bc9-b055ed0f53ef,9a424bfe-cf87-4ba5-8951-d68ed52a3b57,-1332.1378222,-1.7822082,0.18609999999999993,-1.4892,-1.6753,-63.4056
MoS2_Mo60W3Se7S118_e7f10e2a-314a-45fe-9c05-ae962f44182f,6035021e-8755-425e-8d17-6c63f9e858f8,-1358.90123636,-1.61385829,0.2953999999999999,-1.1144,-1.4098,-63.1114
MoS2_Mo58W4Se5S120_399b730b-d32d-4fcd-ac28-301b9d0d0278,a3baa1d5-3ba7-4a5c-8cc4-1be6c20935c8,-1348.52894933,-1.70211248,0.3741000000000001,-1.1209,-1.495,-63.1727
MoS2_Mo61W1Se3S117_2f7ffc97-4f3a-47de-ad57-74690583b40e,18594d7a-7e43-4a98-a091-6f86d270e5b4,-1308.35971596,-1.84684477,0.1271,-1.5233,-1.6504,-63.2796
MoS2_Mo58W4Se5S120_a6b31782-7d70-41f3-81b3-4ed7b5906264,a3baa1d5-3ba7-4a5c-8cc4-1be6c20935c8,-1346.93915024,-1.76565323,0.09040000000000004,-1.405,-1.4954,-63.3053
MoS2_Mo60W1Se3S118_dc61a62e-0566-4b61-a708-308aaa33c839,dcb215b5-7c1d-4ded-ad73-5a9a8077c179,-1297.37383343,-1.74377843,0.05570000000000008,-1.4442,-1.4999,-63.3406
MoS2_Mo60W1Se6S118_607abdef-de68-4a31-8438-a2221d42cb34,de3d84ba-1f29-44b7-b6c8-8e70e0b09c18,-1320.46775027,-1.79591948,0.014499999999999957,-1.5127,-1.5272,-63.2228
MoS2_Mo59W2Se4S119_91f45fe1-ccc2-4a06-a36a-7b1341a10355,4251d061-9445-42be-8cce-55d3aaf83f35,-1312.61647795,-1.79456659,0.0703999999999998,-1.4587,-1.5291,-63.2873
MoS2_Mo59W3Se5S119_66db7e8c-f721-4d1e-839b-fc689cab9787,8b298d9c-964a-411b-9c22-e10406849358,-1339.1318479,-1.76342789,0.18730000000000002,-1.3316,-1.5189,-63.4272
MoS2_Mo57W3Se4S121_1362ee62-e140-43ed-919e-c99cef040aa7,eb77e715-3d2b-4f4f-a15a-080e35965338,-1312.23821772,-1.76839773,0.16900000000000004,-1.3523,-1.5213,-63.2863
MoS2_Mo58W3Se4S120_a86b1869-46df-4fe5-aba8-175c1c6d5d37,fe365711-47a0-480e-b6ea-eeb65b0b5701,-1322.61035147,-1.77521965,0.3129000000000002,-1.2125,-1.5254,-63.2225
MoS2_Mo61W2Se5S117_e0b8e6fb-ad5c-490a-929b-33e56be0bb4b,be83e4e6-44bd-4f48-8586-ef76d17c0deb,-1340.40238134,-1.74018061,0.1643000000000001,-1.4318,-1.5961,-63.2016
MoS2_Mo59W3Se2S119_109f4819-c8a2-4e6e-9e58-f16fdb2cf978,fba218e7-97be-49ff-99a5-8255bb71a02c,-1318.58989333,-1.81783489,0.053300000000000125,-1.5245,-1.5778,-63.2682
MoS2_Mo60W2Se3S118_90654c6c-8ac6-4302-a464-4aef93f93bf9,24387c2e-95fe-44bb-9adf-6e5731fc4d09,-1315.86223003,-1.80870323,0.047700000000000076,-1.5324,-1.5801,-63.2825
MoS2_Mo60Se4S118_7d86d5a3-4f6b-478f-acbf-86a79584af9b,164db196-7a61-4c66-a5d1-ae8db0a0a582,-1288.13261924,-1.81102188,0.09399999999999986,-1.5174,-1.6114,-63.6387
MoS2_Mo61W2Se8S117_84f38891-16dd-4050-8303-1dba3c98c793,15a19eea-d944-4abf-a2a1-fa50816097ca,-1356.01864487,-1.66791921,0.3783000000000001,-1.0392,-1.4175,-63.1259
MoS2_Mo61W2Se4S117_1b150e03-0024-426d-b410-9d865f76de1f,e231d590-4a73-458e-8b91-c96fcfc48c11,-1334.85862885,-1.77127859,0.3538000000000001,-1.2992,-1.653,-63.2154
MoS2_Mo60W3Se3S118_69a6a908-3ca2-4916-a6a7-3f369fe67935,9cd4bff6-c1a0-47ff-9017-4af264264951,-1335.45431244,-1.76947165,0.14060000000000006,-1.3833,-1.5239,-63.2295
MoS2_Mo60W2Se3S118_e5f67bf0-0882-47a3-a53e-9ad35d0b5c66,24387c2e-95fe-44bb-9adf-6e5731fc4d09,-1315.9462821,-1.86901677,0.0979000000000001,-1.5029,-1.6008,-63.3114
MoS2_Mo59W2Se1S119_c87b2acc-4bca-4111-aa07-be4cc9f0d6d3,c65ee062-c5b2-4060-a803-1d0de0644cdf,-1295.77605193,-1.86370785,0.053999999999999826,-1.5759,-1.6299,-63.5795
MoS2_Mo61W2Se7S117_5b6cfa9d-2c93-48a7-9d8b-2ce596e90c53,a5046633-a2a7-4806-b775-7a6c41792ec5,-1350.37103566,-1.67200261,0.42500000000000004,-1.0459,-1.4709,-63.1386
MoS2_Mo62W1Se4S116_0133eadb-ab5e-455c-9c6a-28eba8997e91,e182fb93-7cc3-42fd-a7e1-b97b70f794ae,-1323.61978968,-1.76344072,0.13549999999999995,-1.4197,-1.5552,-63.2294
MoS2_Mo58W3Se3S120_e4e58380-5b1a-4f25-8461-4c0ac3fcec71,c8e18df9-3b4c-43a5-8b05-7691fbbd09fe,-1315.38203348,-1.78315509,0.09060000000000001,-1.446,-1.5366,-63.2508
MoS2_Mo62W2Se8S116_feaec419-ac0e-4723-b508-26f32241b6fd,c1204ab3-5c66-417b-8f19-3fd4b7881baf,-1367.09472004,-1.47695087,0.9653,-0.9815,-1.9468,-62.9614
MoS2_Mo61W2Se7S117_23f73259-5199-41b3-a092-aecf34561bef,a5046633-a2a7-4806-b775-7a6c41792ec5,-1350.94928096,-1.66229849,0.1573,-1.356,-1.5133,-63.171
MoS2_Mo58W3Se4S120_06f0c341-e0b8-4747-a16b-edfd69ebd2f4,fe365711-47a0-480e-b6ea-eeb65b0b5701,-1324.19367228,-1.94038039,0.2552000000000001,-1.6441,-1.8993,-63.2943
MoS2_Mo59W3Se4S119_262a07b4-dc67-42a0-85eb-4324ae24a4c7,25c7a2c6-6a81-4146-b81c-b990244720a8,-1335.01528486,-1.91527783,0.3313999999999999,-1.5263,-1.8577,-63.347
MoS2_Mo61W1Se6S117_96d22618-9d48-4d83-8220-8f155b10ae1a,bdd9a388-c34b-414c-85c9-b6ff848144a5,-1324.84050709,-1.78250891,0.1379999999999999,-1.3969,-1.5349,-63.2204
MoS2_Mo61W2Se8S117_5b483d9c-4b87-4214-84ca-db090f068793,15a19eea-d944-4abf-a2a1-fa50816097ca,-1355.9674967,-1.65733126,0.1341000000000001,-1.2823,-1.4164,-63.1124
MoS2_Mo56W4Se5S122_07f31878-d635-41b5-83f5-36abc1694b37,c676b24e-19fd-4d31-b8e1-df5a2ce63f4e,-1325.15701457,-1.76076843,0.09139999999999993,-1.4418,-1.5332,-63.3028
MoS2_Mo59W3Se5S119_0928e327-ded2-4a29-b315-f060b901813c,8b298d9c-964a-411b-9c22-e10406849358,-1338.38355309,-1.74142369,0.18480000000000008,-1.2966,-1.4814,-63.2169
MoS2_Mo60W1Se4S118_7026e542-581f-49af-b014-490c0065654d,e2f0a3a4-5590-4ee3-bd9d-ae378fd6cd4b,-1305.29598127,-1.7176243,0.10330000000000017,-1.4401,-1.5434,-63.3276
MoS2_Mo60W3Se4S118_8dd82e57-09b3-4320-bf1d-a363762f9e3e,0972e3c5-93d8-4d85-b4f1-257e751c6906,-1343.69215528,-1.75702786,0.26149999999999984,-1.3942,-1.6557,-63.2167
MoS2_Mo59W3Se5S119_a714b27a-cf0e-459d-b91f-61e44dffe044,8b298d9c-964a-411b-9c22-e10406849358,-1336.73245358,-1.71915605,0.0686,-1.3885,-1.4571,-63.1786
MoS2_Mo62W1Se4S116_b4a405e8-4d73-40b7-8721-7dc749e8c97a,e182fb93-7cc3-42fd-a7e1-b97b70f794ae,-1327.76462929,-1.66162501,0.0746,-1.3757,-1.4503,-63.1928
MoS2_Mo57W4Se4S121_2e33086c-ff21-4a5d-a16e-20536f30f88b,caa03bc9-088a-45cc-b690-696f3db06160,-1329.88877335,-1.76535331,0.13739999999999997,-1.4744,-1.6118,-63.5355
MoS2_Mo60W2Se7S118_af9410b2-ee7a-45dd-b9e4-e286833d9ad7,d87731ab-0f40-4e20-a9fd-34206cebf455,-1339.4532752,-1.73278874,0.11119999999999997,-1.3948,-1.506,-63.179
MoS2_Mo58W3Se6S115_9e16d787-4070-4413-8b19-9a393e2e50f0,734c3cc1-6e04-410c-abfc-4f67ea4c6e9e,-1301.65781639,-1.73544189,0.1541999999999999,-1.3706,-1.5248,-63.3926
MoS2_Mo58W4Se5S115_5dbee5b1-651c-4524-8cce-ad6d57a08c10,350afb0d-bead-48af-824d-34a09c9dc4cd,-1313.19028484,-1.80092005,0.03960000000000008,-1.5106,-1.5502,-63.2517
MoS2_Mo59W2Se8S114_44663681-c58d-40b3-beb0-f47681259f6e,4b2048eb-9107-43f9-bc1a-eba701c001a7,-1306.83008487,-1.7876175,0.14600000000000013,-1.4397,-1.5857,-63.337
MoS2_Mo58W3Se7S115_de9cb2e4-5eae-43a6-bf87-8bbb3fc3fa7e,739b93b3-512c-4c7d-a2d4-30d859d41fbd,-1306.20970582,-1.72332155,0.028000000000000025,-1.4255,-1.4535,-63.5203
MoS2_Mo59W3Se6S114_15195123-4aa3-439e-aec7-a344a9f8cd0f,b552939d-ea3d-4240-95f1-a883de5e4f1c,-1310.16685812,-1.7745283,0.14539999999999997,-1.4065,-1.5519,-63.2111
MoS2_Mo59W2Se6S114_654fa5e6-b479-4cfd-a11f-3d31a6c23c47,aab1433f-0d9a-4260-898e-ee4f68d8a208,-1292.65832289,-1.84372279,0.07450000000000001,-1.5222,-1.5967,-63.3073
MoS2_Mo59W3Se6S114_dfae1688-181c-4e33-9b3c-8b4488ff9e96,b552939d-ea3d-4240-95f1-a883de5e4f1c,-1308.40969764,-1.80497802,0.08379999999999987,-1.4937,-1.5775,-63.2852
MoS2_Mo58W2Se7S115_6c833768-8a4e-4b31-bfab-51f01f59ea4c,9c399229-deb3-4f29-aa63-d00e93cf4cdc,-1288.87121854,-1.82201754,0.2532000000000001,-1.501,-1.7542,-63.3589
MoS2_Mo59W2Se7S114_3eea7f4d-d408-41ed-8f8c-7c7bb0a92bef,500337fe-aae2-4622-876d-c4d1d2376c25,-1297.71451788,-1.79903896,0.025399999999999867,-1.5137,-1.5391,-63.2919
MoS2_Mo59W3Se8S114_1c1d6591-2194-403e-beb8-5f17e1902ac1,fcee956f-ae8b-4a8c-99cb-4b1904170196,-1320.69470518,-1.77249898,0.19229999999999992,-1.4373,-1.6296,-63.2461
MoS2_Mo56W4Se8S117_82828a4c-c639-4483-b501-271c2cfa2012,b22d965a-8f1c-4542-ba47-d2136b66e3be,-1306.03806972,-1.80716348,0.043400000000000105,-1.5168,-1.5602,-63.2552
MoS2_Mo58W4Se5S115_3adf6f53-c56b-4916-a5d0-40c0453f92a6,350afb0d-bead-48af-824d-34a09c9dc4cd,-1314.29599888,-1.78200958,0.06929999999999992,-1.4498,-1.5191,-63.2288
MoS2_Mo56W4Se5S117_9212e829-eea9-471f-9567-49e171c11a1b,c1acba69-632c-4958-baa3-d8d7a28d1df5,-1292.4542288,-1.79480074,0.3006,-1.2597,-1.5603,-63.4592
MoS2_Mo59W3Se8S114_6c710169-fcb3-4317-8db8-758851d33d7c,fcee956f-ae8b-4a8c-99cb-4b1904170196,-1321.75127676,-1.7598584,0.13480000000000003,-1.4542,-1.589,-63.2401
MoS2_Mo60W1Se8S113_e4e03296-7711-4310-b4b4-a8d2a1caf183,1126f9e2-70b7-473b-b5c6-d139c3103fee,-1296.73635902,-1.87115952,0.13280000000000003,-1.4655,-1.5983,-63.2813
MoS2_Mo57W4Se7S116_249a7f77-d70c-45e9-be79-1512d15cc5ee,ad791853-b618-4c45-b301-f165af398c47,-1313.45922158,-1.82115908,0.08339999999999992,-1.4729,-1.5563,-63.3408
MoS2_Mo57W4Se8S116_5e5aea0b-578a-462b-a1de-113b3fc2335a,9801344a-0bd7-4045-9a9c-0b21ac5f6f11,-1319.90891705,-1.72681516,0.0708000000000002,-1.4384,-1.5092,-63.3585
MoS2_Mo56W4Se7S117_f031e51f-8579-4c6d-b741-0c75c8f431bb,d154df7d-641f-43c0-9bb0-7b9b89dddd22,-1301.915692,-1.82162711,0.05750000000000011,-1.5104,-1.5679,-63.3332
MoS2_Mo58W2Se7S115_94e8f60d-e705-46f9-a624-da05191856d0,9c399229-deb3-4f29-aa63-d00e93cf4cdc,-1285.86400689,-1.86873458,0.04269999999999996,-1.584,-1.6267,-63.3651
MoS2_Mo58W2Se8S115_493cf143-1204-4289-a296-f85b37cedbce,35e281f7-eade-4a6f-9c0f-c9ec30de4b7c,-1289.92142493,-1.83435073,0.08990000000000009,-1.511,-1.6009,-63.3079
MoS2_Mo61W2Se8S112_2a168810-1616-4909-a413-6dc0106050d7,76f439e9-6a9b-4853-9468-18bb83f1b957,-1322.3888763,-1.77767023,0.16649999999999987,-1.4123,-1.5788,-63.2103
MoS2_Mo60W1Se8S113_abcfb793-8191-4190-90cd-25b27277e99b,1126f9e2-70b7-473b-b5c6-d139c3103fee,-1291.83961311,-1.82096583,0.0521999999999998,-1.5153,-1.5675,-63.2724
MoS2_Mo59W3Se8S114_d9cc0ae6-a41a-4631-8008-926f9add09f4,fcee956f-ae8b-4a8c-99cb-4b1904170196,-1320.02071629,-1.79010428,0.1523000000000001,-1.4163,-1.5686,-63.2399
MoS2_Mo58W4Se6S115_6d17ded0-77c0-449f-932d-cef531f575bf,a9ca69e8-26cf-4d85-b7a3-b6cb6dda67a1,-1319.11788522,-1.77634495,0.08329999999999993,-1.4457,-1.529,-63.3335
MoS2_Mo60W2Se7S113_e59d4438-1fae-48e6-b922-ec669445b70d,c617301a-b766-4fa1-b53c-122940f608aa,-1307.65994245,-1.69837805,0.0484,-1.3961,-1.4445,-63.5826
MoS2_Mo57W3Se7S116_f83b432c-35b2-469a-a778-8899e1a8fc35,ea74aa9b-285c-4a77-84a8-b90d53ffac6b,-1293.37801371,-1.8688139,0.1238999999999999,-1.4769,-1.6008,-63.2979
MoS2_Mo57W4Se4S116_f186ea0a-425c-4392-9756-a1a03741eb4d,75307f48-c4e5-48dd-9648-50149aa33984,-1298.8115924,-1.90163658,0.19930000000000003,-1.554,-1.7533,-63.3941
MoS2_Mo59W3Se8S114_a830a93b-05d0-413d-9791-94b8d7233890,fcee956f-ae8b-4a8c-99cb-4b1904170196,-1321.77870401,-1.74904237,0.08789999999999987,-1.4513,-1.5392,-63.2363
MoS2_Mo58W4Se8S115_c4fa68ba-83df-4f8b-be4d-f6a34e1b95cb,a94e1654-8edd-465a-b431-baec676d478f,-1328.59163036,-1.75348255,0.022399999999999975,-1.4594,-1.4818,-63.1999
MoS2_Mo56W4Se3S117_5ab2d1a8-0b8a-4f0c-983e-c41729852064,94d88917-dd67-4780-8477-52da8e8d4b20,-1281.42327233,-1.93850661,0.028000000000000025,-1.663,-1.691,-63.532
MoS2_Mo61W2Se8S112_46cc3df1-abb6-4a77-a43d-552ac68630c8,76f439e9-6a9b-4853-9468-18bb83f1b957,-1322.56098361,-1.73156685,0.29669999999999996,-1.1856,-1.4823,-63.1807
MoS2_Mo56W4Se5S117_93d8d5f3-e866-45c1-9bf5-f9ffdc5b7049,c1acba69-632c-4958-baa3-d8d7a28d1df5,-1294.90006066,-1.83984501,0.08929999999999993,-1.4811,-1.5704,-63.3346
MoS2_Mo58W3Se7S115_f9eb0e3f-f286-45b6-ab76-807e92ace80e,739b93b3-512c-4c7d-a2d4-30d859d41fbd,-1303.81834683,-1.83219639,0.09740000000000015,-1.4768,-1.5742,-63.3023
MoS2_Mo57W3Se8S116_30951fc6-6298-4faf-8f15-baaa63e4400d,55b11e3e-5932-44d3-bafd-584b475f8bda,-1301.73468891,-1.82440985,0.09230000000000005,-1.5059,-1.5982,-63.4038
MoS2_Mo56W4Se8S117_bd1b1f71-567b-4632-9a8c-ae54d721d4cd,b22d965a-8f1c-4542-ba47-d2136b66e3be,-1307.31469913,-1.80473989,0.08250000000000002,-1.4777,-1.5602,-63.3115
MoS2_Mo60W1Se7S113_c392dbd6-cbed-4087-a8a9-fb0f888accf3,f0bbd627-19b4-4ff3-86a3-e60ddaf965e5,-1290.89016068,-1.77186247,0.11329999999999996,-1.466,-1.5793,-63.4355
MoS2_Mo56W4Se5S117_918fb99f-d394-49a4-b2cd-e4068003ffa6,c1acba69-632c-4958-baa3-d8d7a28d1df5,-1296.25910049,-1.8449576,0.11620000000000008,-1.4727,-1.5889,-63.4048
MoS2_Mo57W4Se4S116_2562adf1-d859-4b45-814b-8169127ba8bc,75307f48-c4e5-48dd-9648-50149aa33984,-1297.89117937,-1.84159335,0.15829999999999989,-1.5339,-1.6922,-63.4569
MoS2_Mo59W4Se7S114_31950516-62dc-4b91-8de9-ff42e88c6231,4c280638-ed93-4cb3-862a-97b0a88f842e,-1335.59885225,-1.76871207,0.2661,-1.3412,-1.6073,-63.1798
MoS2_Mo56W4Se4S117_2d83e61f-3e57-4bbe-ba72-a251a60aefbd,999e1f23-08c5-403f-a23e-7b77106df81b,-1285.31313156,-1.86809514,0.0726,-1.5458,-1.6184,-63.3386
MoS2_Mo56W4Se3S117_d864f9b2-578f-4b00-a4d5-8b87ca7b4dde,94d88917-dd67-4780-8477-52da8e8d4b20,-1280.18309044,-1.84705238,0.04599999999999982,-1.5455,-1.5915,-63.5491
MoS2_Mo58W2Se5S115_4ec90be2-8451-406c-b83b-94a94e669565,0d05b375-adce-4cda-9d19-1cf88b064029,-1281.60889728,-1.6828594,0.05479999999999996,-1.4075,-1.4623,-63.4009
MoS2_Mo58W2Se6S115_acc88e89-cdd8-42b6-a440-1fb5302f6a9d,e38dd35c-1d7a-4b3f-862b-4117ec687337,-1283.2718771,-1.78118715,0.1420999999999999,-1.4353,-1.5774,-63.5184
MoS2_Mo56W4Se5S117_c47931e1-fbdd-4a1e-a6fa-0b6e910b6961,c1acba69-632c-4958-baa3-d8d7a28d1df5,-1293.27013962,-1.86336846,0.0343,-1.5784,-1.6127,-63.3104
MoS2_Mo58W2Se5S115_334e813b-2a68-43ab-bc84-4bd7c2562027,0d05b375-adce-4cda-9d19-1cf88b064029,-1278.7400781,-1.83212451,0.046699999999999964,-1.548,-1.5947,-63.5361
MoS2_Mo58W2Se8S115_82cc2ffd-1a94-448a-888d-26ec9c8ae6fb,35e281f7-eade-4a6f-9c0f-c9ec30de4b7c,-1294.43085068,-1.79001946,0.11599999999999988,-1.4708,-1.5868,-63.4335
MoS2_Mo57W3Se4S116_5a422ee1-1f55-4c95-8889-0247ee043d85,894dd860-8e05-430e-8c61-bf98f2343bac,-1282.90527191,-1.9021738,0.24849999999999994,-1.6231,-1.8716,-63.3457
MoS2_Mo61Se8S112_b704ddf5-08cf-42c7-bec9-b7800ee06e9a,2eb5b295-a142-4070-b11e-8e4f31394bd3,-1288.54229499,-1.78087328,0.1471,-1.4952,-1.6423,-63.3661
MoS2_Mo59W2Se7S114_ae731330-806f-4065-90c5-32bff8db07d6,500337fe-aae2-4622-876d-c4d1d2376c25,-1298.28700736,-1.80607908,0.06540000000000012,-1.4665,-1.5319,-63.2338
MoS2_Mo56W4Se3S117_6b4fc263-4c91-4ad7-8bb4-e0642858dd77,94d88917-dd67-4780-8477-52da8e8d4b20,-1279.59974388,-1.89207733,0.048900000000000166,-1.6054,-1.6543,-63.5669
MoS2_Mo57W4Se8S116_e05bfae9-5318-464a-b3c4-9d8c3ce443c7,9801344a-0bd7-4045-9a9c-0b21ac5f6f11,-1319.29151588,-1.76420308,0.028200000000000003,-1.4742,-1.5024,-63.2419
MoS2_Mo59W4Se7S114_5af934e3-be97-428c-8fea-dfdd42f7ec68,4c280638-ed93-4cb3-862a-97b0a88f842e,-1333.36671052,-1.68198772,0.24139999999999984,-1.2329,-1.4743,-63.18
MoS2_Mo56W4Se6S117_857b9618-011e-4c19-9284-313125cf4bba,32241596-b588-4435-ab5d-b638a648bb92,-1296.63188064,-1.83866341,0.0757000000000001,-1.4923,-1.568,-63.3375
MoS2_Mo56W4Se5S117_452ea8ab-3124-4dd2-919e-e70248d3467d,c1acba69-632c-4958-baa3-d8d7a28d1df5,-1292.55366136,-1.86240438,0.030299999999999994,-1.5739,-1.6042,-63.597
MoS2_Mo59W3Se6S114_f4a63eb1-64c0-45a7-8a16-bb9a8f218037,b552939d-ea3d-4240-95f1-a883de5e4f1c,-1312.3190374,-1.69375811,0.14380000000000015,-1.3916,-1.5354,-63.2852
MoS2_Mo59W3Se7S114_e188b586-0063-4de4-8860-93ca1133fe1d,7d71ad43-5aa0-401d-b0ef-299adcb6bfa1,-1315.8934641,-1.74054998,0.3137000000000001,-1.1974,-1.5111,-63.2226
MoS2_Mo60Se7S113_0c55b712-9887-4723-b807-906164ca9ecf,846b7e12-9fb5-46a7-8b57-616c60f6dd2d,-1270.27216168,-1.87534507,0.11729999999999996,-1.4896,-1.6069,-63.7053
MoS2_Mo57W4Se5S116_fdc29ec5-381a-43ed-827d-4f70cf379d4b,ee1787af-7d7f-4604-a488-aebe3f945a15,-1301.31909719,-1.77733287,0.24970000000000003,-1.3254,-1.5751,-63.5599
MoS2_Mo57W4Se4S116_7fe93bf0-211c-4166-949b-4f19c4a3d9d0,75307f48-c4e5-48dd-9648-50149aa33984,-1298.39039876,-1.77726733,0.08230000000000004,-1.4965,-1.5788,-63.3247
MoS2_Mo61W2Se8S112_af9d3af9-6752-464d-a198-30d426c7e860,76f439e9-6a9b-4853-9468-18bb83f1b957,-1322.87970876,-1.80636542,0.24229999999999996,-1.3906,-1.6329,-63.1767
MoS2_Mo59W2Se6S114_c2c73a38-d274-456d-8867-9cbd133747d6,aab1433f-0d9a-4260-898e-ee4f68d8a208,-1291.44994366,-1.73079764,0.09229999999999983,-1.4487,-1.541,-63.5783
MoS2_Mo59W1Se6S114_ec550b43-b906-4361-be52-1e6011043bd0,5419c143-13a1-4411-bae4-f16d36b86829,-1272.72857378,-1.86524374,0.0475000000000001,-1.5544,-1.6019,-63.409
MoS2_Mo58W2Se7S115_6d70a5fc-8abc-42af-ba90-64713824ad68,9c399229-deb3-4f29-aa63-d00e93cf4cdc,-1285.93574937,-1.84091669,0.05820000000000003,-1.5249,-1.5831,-63.3996
MoS2_Mo57W4Se8S116_ef014dc8-64ab-4644-a28d-dc20272490dc,9801344a-0bd7-4045-9a9c-0b21ac5f6f11,-1317.07627772,-1.81536637,0.016699999999999937,-1.5365,-1.5532,-63.2288
MoS2_Mo56W4Se6S117_9fc2e379-703d-4fd8-9643-06b6d1ba9c70,32241596-b588-4435-ab5d-b638a648bb92,-1297.14567315,-1.82720444,0.018199999999999994,-1.535,-1.5532,-63.4256
MoS2_Mo56W4Se3S117_b593cd47-47e7-4a55-9a27-466f5c3f661c,94d88917-dd67-4780-8477-52da8e8d4b20,-1283.62286757,-1.88206486,0.07230000000000003,-1.5641,-1.6364,-63.3783
MoS2_Mo60W3Se8S113_ca56e931-619b-4642-8f7a-0afde8688866,de46b63e-26d3-43ca-8598-427c6846530d,-1330.68915108,-1.78194373,0.30580000000000007,-1.2065,-1.5123,-63.1874
MoS2_Mo56W4Se6S117_616de8ef-3e3c-4533-9b09-7289139b35b4,32241596-b588-4435-ab5d-b638a648bb92,-1298.91294922,-1.83030319,0.059900000000000064,-1.5129,-1.5728,-63.307
MoS2_Mo58W4Se5S115_e0daf691-eff2-4b2e-b04c-08ca1859a86c,350afb0d-bead-48af-824d-34a09c9dc4cd,-1311.16457095,-1.83273097,0.12990000000000013,-1.4787,-1.6086,-63.3084
MoS2_Mo58W3Se5S115_4fea5508-5dd4-4160-a9da-24a2cd2b1326,4561a321-cac6-41ff-9721-0bbc57d648d5,-1293.16121067,-1.82664588,0.036599999999999966,-1.5258,-1.5624,-63.326
MoS2_Mo59W1Se7S114_7dd7d61b-7e10-40bf-b003-a3ff3adf507c,8d6ed0a7-d2dd-4c30-99a9-1ce4ce63e2aa,-1282.98336532,-1.71408898,0.07189999999999985,-1.3824,-1.4543,-63.3581
MoS2_Mo60W2Se8S113_22637793-5985-483f-9b02-c20ae0f473fb,0818a742-24ac-47ce-b903-89c730d57946,-1313.44711868,-1.75249229,0.1681999999999999,-1.358,-1.5262,-63.2973
MoS2_Mo59W3Se8S114_5e8f6f9c-5eec-4e69-a5af-85c74214698b,fcee956f-ae8b-4a8c-99cb-4b1904170196,-1324.28622991,-1.88546217,0.22120000000000006,-1.5803,-1.8015,-63.2129
MoS2_Mo57W4Se8S116_0c2fe95f-65db-4965-aadc-7dd2ced0e50d,9801344a-0bd7-4045-9a9c-0b21ac5f6f11,-1318.42738392,-1.77107355,0.08319999999999994,-1.4892,-1.5724,-63.2383
MoS2_Mo57W3Se4S116_e1b450d0-a438-42cd-be2b-91b046416f99,894dd860-8e05-430e-8c61-bf98f2343bac,-1280.56034241,-1.8888597,0.10650000000000004,-1.5953,-1.7018,-63.3867
MoS2_Mo56W4Se3S117_6502c382-8e2c-4745-80ea-7e877a2bc4ae,94d88917-dd67-4780-8477-52da8e8d4b20,-1282.31030634,-1.88109059,0.06430000000000002,-1.5674,-1.6317,-63.4289
MoS2_Mo56W4Se7S117_4cd3f686-47c7-407e-b125-cb5d79dddc73,d154df7d-641f-43c0-9bb0-7b9b89dddd22,-1303.37538194,-1.79576547,0.10040000000000004,-1.5138,-1.6142,-63.3129
MoS2_Mo61W2Se8S112_40712e0b-8945-4c9c-80af-c50577c95587,76f439e9-6a9b-4853-9468-18bb83f1b957,-1322.45240391,-1.7887514,0.12350000000000017,-1.4606,-1.5841,-63.204
MoS2_Mo58W2Se6S115_904c343f-3803-45b1-ad56-ffa46b6086d3,e38dd35c-1d7a-4b3f-862b-4117ec687337,-1280.61923415,-1.86671495,0.060799999999999965,-1.5808,-1.6416,-63.3627
MoS2_Mo57W3Se8S116_6fd7edf4-b5bc-4ece-b78f-d25e3e167870,55b11e3e-5932-44d3-bafd-584b475f8bda,-1301.13329723,-1.79749717,0.05929999999999991,-1.4874,-1.5467,-63.2724
MoS2_Mo58W3Se8S115_aa74e1b4-fdfd-4597-99e7-aa7f3a9a162b,0310470d-43b5-4918-b07a-c6f4f2332ac6,-1311.427876,-1.76551504,0.03950000000000009,-1.4686,-1.5081,-63.2024
MoS2_Mo57W4Se4S116_53cd9ad0-7fee-47de-8f69-7361082e1f9f,75307f48-c4e5-48dd-9648-50149aa33984,-1298.02547229,-1.8721418,0.07849999999999979,-1.5494,-1.6279,-63.3826
MoS2_Mo57W3Se5S116_3eec30d0-786f-40ab-ba11-33f819868407,3b17270e-393a-4b47-8c83-fa56093331a2,-1286.91131892,-1.84475936,0.09379999999999988,-1.5259,-1.6197,-63.4237
MoS2_Mo59W3Se7S114_172e32ae-f826-444b-a4f7-966a1c9547dd,7d71ad43-5aa0-401d-b0ef-299adcb6bfa1,-1315.65164528,-1.7809028,0.1533,-1.4078,-1.5611,-63.2479
MoS2_Mo57W3Se6S116_3e167e35-8d87-4a80-a8d0-7eae2b6f2c68,9cb626e3-a1aa-4d2f-988f-d2a9b1d49ace,-1293.41847923,-1.77902207,0.07130000000000014,-1.4381,-1.5094,-63.3964
MoS2_Mo59W4Se8S114_8eac7835-f27a-4d88-bcd3-6b36c9b29a6f,9310869d-26e5-4a0a-a326-36026697782b,-1341.28037545,-1.70137154,0.1382000000000001,-1.3331,-1.4713,-63.1456
MoS2_Mo57W3Se4S116_e51d5587-6968-4ff3-91c4-d1a29590c814,894dd860-8e05-430e-8c61-bf98f2343bac,-1283.54404118,-1.73413304,0.04249999999999998,-1.4477,-1.4902,-63.5168
MoS2_Mo56W4Se6S117_79048c08-9802-4e5d-85f2-4f25752aef99,32241596-b588-4435-ab5d-b638a648bb92,-1297.99068528,-1.82615842,0.06769999999999987,-1.5501,-1.6178,-63.3395
MoS2_Mo60W1Se8S113_e8875fa2-1301-486a-847f-3ed6fea4a2fc,1126f9e2-70b7-473b-b5c6-d139c3103fee,-1298.15254739,-1.80996624,0.04410000000000003,-1.4921,-1.5362,-63.3881
MoS2_Mo56W4Se4S117_e2eaecd5-5bc3-41f5-9b98-871eef79ecc0,999e1f23-08c5-403f-a23e-7b77106df81b,-1286.85082358,-1.87232917,0.11769999999999992,-1.597,-1.7147,-63.5956
MoS2_Mo58W4Se5S115_4741958d-cf84-4abd-b1a5-c83d776b34cb,350afb0d-bead-48af-824d-34a09c9dc4cd,-1312.10226976,-1.82616977,0.06570000000000009,-1.5127,-1.5784,-63.294
MoS2_Mo57W3Se5S116_ca23f7e4-4dfe-47d3-ac26-0626216fe102,3b17270e-393a-4b47-8c83-fa56093331a2,-1286.29647873,-1.82797102,0.07889999999999997,-1.5516,-1.6305,-63.367
MoS2_Mo56W4Se4S117_9df8176f-1a41-4d9d-a2e3-2d4b0aac5937,999e1f23-08c5-403f-a23e-7b77106df81b,-1287.81837223,-1.77190192,0.06780000000000008,-1.4355,-1.5033,-63.7637
MoS2_Mo60W3Se8S113_463bceef-bfc7-4342-896d-c97abc993608,de46b63e-26d3-43ca-8598-427c6846530d,-1330.82317571,-1.72206828,0.0605,-1.4358,-1.4963,-63.1563
MoS2_Mo57W4Se6S116_548cfec8-3934-44cf-9a2a-39a02fe542c3,397615a7-4920-4062-9c47-949a7467ecd7,-1310.39890073,-1.79551733,0.21340000000000003,-1.4712,-1.6846,-63.389
MoS2_Mo58W2Se5S115_f6cb9220-b29b-4f9d-a819-c0b545dcad83,0d05b375-adce-4cda-9d19-1cf88b064029,-1274.68323026,-1.9307695,0.053999999999999826,-1.6365,-1.6905,-63.3729
MoS2_Mo60W1Se8S113_cad37232-14cf-4082-82b2-8f2fff8589dc,1126f9e2-70b7-473b-b5c6-d139c3103fee,-1295.65742125,-1.7554188,0.14839999999999987,-1.4771,-1.6255,-63.345
MoS2_Mo58W4Se7S115_45ab9c26-4ebc-4ce0-97fe-d564b00710dc,c1796f99-5ccc-4acc-96c0-b608797487b9,-1322.99772187,-1.80325996,0.11230000000000007,-1.526,-1.6383,-63.2567
MoS2_Mo61W3Se8S112_33c12b3c-a550-41c6-83fa-465d844bcdb9,a49bf1ec-5c2f-430d-bfd0-5a01c7f76cc6,-1341.70321933,-1.63120898,0.5771,-1.3425,-1.9196,-63.0285
MoS2_Mo58W3Se6S115_2d8a6fd3-578c-492d-badf-a2ddd72cd42e,734c3cc1-6e04-410c-abfc-4f67ea4c6e9e,-1300.21864214,-1.73412426,0.14580000000000015,-1.4138,-1.5596,-63.4096
MoS2_Mo56W4Se8S112_5dd2c0a2-0440-41d7-8fa3-b971ca209768,f6b7472f-c8d2-442c-9619-ef0466d2dbd3,-1277.97944101,-1.80720601,0.0927,-1.4419,-1.5346,-63.6358
MoS2_Mo56W4Se8S112_6c12391f-b0df-433c-ab8b-c12341e379a0,f6b7472f-c8d2-442c-9619-ef0466d2dbd3,-1275.57712385,-1.80507312,0.057399999999999896,-1.5258,-1.5832,-63.633
MoS2_Mo56W4Se8S112_e9be5b07-1e2d-49b6-bdc1-0741aef10742,f6b7472f-c8d2-442c-9619-ef0466d2dbd3,-1276.67155775,-1.86250468,0.035800000000000054,-1.5763,-1.6121,-63.5761
MoS2_Mo56W4Se8S112_523fb4be-68bf-4a72-baec-e5c87a62e23b,f6b7472f-c8d2-442c-9619-ef0466d2dbd3,-1279.38959184,-1.80335284,0.06419999999999981,-1.4972,-1.5614,-63.4055
MoS2_Mo56W4Se8S112_d6be788c-6036-4c1a-81fa-bd8557fbd1db,f6b7472f-c8d2-442c-9619-ef0466d2dbd3,-1276.57068338,-1.87132186,0.11010000000000009,-1.543,-1.6531,-63.5788
MoS2_Mo56W4Se8S112_f8d8f12d-db2e-442e-8fc0-83e1de831e8d,f6b7472f-c8d2-442c-9619-ef0466d2dbd3,-1278.91928221,-1.7991763,0.0391999999999999,-1.5072,-1.5464,-63.4134
MoS2_Mo56W4Se8S112_ac74d1fd-0535-4d75-99f6-70ed37048bc5,f6b7472f-c8d2-442c-9619-ef0466d2dbd3,-1278.15973612,-1.82118143,0.05810000000000004,-1.4959,-1.554,-63.5122
MoS2_Mo56W4Se8S112_f4e57635-5d1e-4fd8-b990-5d69943a6cb1,f6b7472f-c8d2-442c-9619-ef0466d2dbd3,-1278.9191703,-1.73948372,0.12180000000000013,-1.3798,-1.5016,-63.4839
MoS2_Mo56W4Se8S112_40838dd0-d74b-4bf4-9573-05d9c62e50a9,f6b7472f-c8d2-442c-9619-ef0466d2dbd3,-1277.3969237,-1.89326135,0.07169999999999987,-1.6126,-1.6843,-63.4944
MoS2_Mo56W4Se8S112_fd3b5398-b2a8-47cd-917d-e2f441d59c47,f6b7472f-c8d2-442c-9619-ef0466d2dbd3,-1276.76524284,-1.728587,0.08500000000000019,-1.4241,-1.5091,-63.5702
MoS2_Mo56W4Se8S112_bd784381-869a-415c-9a6f-ac4aca82fa73,f6b7472f-c8d2-442c-9619-ef0466d2dbd3,-1277.27407703,-1.87920142,0.14250000000000007,-1.5872,-1.7297,-63.3655
MoS2_Mo56W4Se8S112_cd98eebe-1a5f-4b04-acf7-dde298da7e8b,f6b7472f-c8d2-442c-9619-ef0466d2dbd3,-1281.21535667,-1.82445464,0.11909999999999998,-1.5054,-1.6245,-63.3698
MoS2_Mo56W4Se8S112_71773d1c-20a4-483f-8cab-0d652d2b3473,f6b7472f-c8d2-442c-9619-ef0466d2dbd3,-1277.64174293,-1.93135119,0.12569999999999992,-1.5658,-1.6915,-63.3682
MoS2_Mo56W4Se8S112_80b23e40-43c5-4536-a475-c5904598995b,f6b7472f-c8d2-442c-9619-ef0466d2dbd3,-1277.31413804,-1.91117813,0.022699999999999942,-1.6293,-1.652,-63.6235
MoS2_Mo56W4Se8S112_3333edac-c761-4075-b9d1-bec4b78cc7c6,f6b7472f-c8d2-442c-9619-ef0466d2dbd3,-1281.78946162,-1.8160518,0.05109999999999992,-1.5362,-1.5873,-63.4211
MoS2_Mo56W4Se8S112_c1e41ee4-fcd4-4aba-911c-6fcacfb4caff,f6b7472f-c8d2-442c-9619-ef0466d2dbd3,-1280.90493078,-1.76823099,0.04919999999999991,-1.4534,-1.5026,-63.5357
MoS2_Mo56W4Se8S112_216a263c-ce57-4791-809d-79bca77cd950,f6b7472f-c8d2-442c-9619-ef0466d2dbd3,-1276.98889791,-1.83831104,0.13030000000000008,-1.4859,-1.6162,-63.5517
MoS2_Mo56W4Se8S112_0ce2ad70-8470-49c6-8fd5-2d369fbf9c88,f6b7472f-c8d2-442c-9619-ef0466d2dbd3,-1277.90227511,-1.90974149,0.08400000000000007,-1.6066,-1.6906,-63.5242
MoS2_Mo56W4Se8S112_c40958fc-c107-42d8-b128-fcdbf3bbf58e,f6b7472f-c8d2-442c-9619-ef0466d2dbd3,-1283.9766395,-1.77900895,0.20989999999999998,-1.4159,-1.6258,-63.3254
MoS2_Mo56W4Se8S112_aa389435-18d9-45c4-bdfb-9bb47c72f2b7,f6b7472f-c8d2-442c-9619-ef0466d2dbd3,-1276.31669788,-1.75161421,0.03550000000000009,-1.4661,-1.5016,-63.7902
MoS2_Mo56W4Se8S112_21e7c4b7-401f-4326-ac50-8cc335bfceb2,f6b7472f-c8d2-442c-9619-ef0466d2dbd3,-1277.22896988,-1.84167316,0.07560000000000011,-1.5292,-1.6048,-63.599
MoS2_Mo56W4Se8S112_faa2315d-8640-453d-a94b-b325017cf6b2,f6b7472f-c8d2-442c-9619-ef0466d2dbd3,-1275.40049105,-1.91019817,0.08109999999999995,-1.6145,-1.6956,-63.3676
MoS2_Mo56W4Se8S112_e09bb804-fa9e-47a2-b857-84977814f320,f6b7472f-c8d2-442c-9619-ef0466d2dbd3,-1277.62329977,-1.88281179,0.08839999999999981,-1.5779,-1.6663,-63.623
MoS2_Mo56W4Se8S112_15076d7d-0272-4bdf-b81c-34bbdcaadc93,f6b7472f-c8d2-442c-9619-ef0466d2dbd3,-1277.72482428,-1.80304449,0.04339999999999988,-1.5261,-1.5695,-63.3776
MoS2_Mo56W4Se8S112_fb40f659-c809-4520-abe3-34ef53669947,f6b7472f-c8d2-442c-9619-ef0466d2dbd3,-1275.25016015,-1.74523393,0.12890000000000001,-1.4491,-1.578,-63.4966
MoS2_Mo56W4Se8S112_ae32119b-0f38-41b1-8b2d-5c0ad9cc0ce3,f6b7472f-c8d2-442c-9619-ef0466d2dbd3,-1279.85622333,-1.7930553,0.11160000000000014,-1.4582,-1.5698,-63.4492
MoS2_Mo56W4Se8S112_e2150770-4d62-473e-9b4f-26574f51bde6,f6b7472f-c8d2-442c-9619-ef0466d2dbd3,-1277.8323905,-1.90955968,0.14070000000000005,-1.6138,-1.7545,-63.5234
MoS2_Mo56W4Se8S112_14c8633d-fd27-464a-a1a1-b1f18c8c1ef2,f6b7472f-c8d2-442c-9619-ef0466d2dbd3,-1279.19957848,-1.82695758,0.07969999999999988,-1.5437,-1.6234,-63.6357
MoS2_Mo56W4Se8S112_05527de4-6f0e-4fc4-8550-eebe26f9dc23,f6b7472f-c8d2-442c-9619-ef0466d2dbd3,-1286.69957241,-1.88550975,0.11629999999999985,-1.548,-1.6643,-63.416
MoS2_Mo56W4Se8S112_805e6a2d-b671-4b04-ac99-63257945e057,f6b7472f-c8d2-442c-9619-ef0466d2dbd3,-1275.10657794,-1.91964656,0.03929999999999989,-1.6427,-1.682,-63.4326
MoS2_Mo56W4Se8S112_1aa55d71-a0a9-4ea6-a14c-0d4ddcdbb8e2,f6b7472f-c8d2-442c-9619-ef0466d2dbd3,-1277.65516629,-1.86207005,0.03849999999999998,-1.5623,-1.6008,-63.5628
MoS2_Mo56W4Se8S112_0a1ef46e-f2cf-46ad-bde3-6266bd5616fc,f6b7472f-c8d2-442c-9619-ef0466d2dbd3,-1275.73124038,-1.79750148,0.02629999999999999,-1.5127,-1.539,-63.4914
MoS2_Mo56W4Se8S112_b0e33f59-3978-4429-94bd-9cc757b328d9,f6b7472f-c8d2-442c-9619-ef0466d2dbd3,-1278.21456206,-1.8566253,0.10460000000000003,-1.5449,-1.6495,-63.3393
MoS2_Mo56W4Se8S112_eb67580c-9cfa-47d2-89db-6c30f3d66276,f6b7472f-c8d2-442c-9619-ef0466d2dbd3,-1279.04570871,-1.74248959,0.09030000000000005,-1.4311,-1.5214,-63.5213
MoS2_Mo56W4Se8S112_db006a7c-9a1c-4ca9-a978-2bedcbbf9db8,f6b7472f-c8d2-442c-9619-ef0466d2dbd3,-1279.8313328,-1.78770576,0.11240000000000006,-1.4222,-1.5346,-63.6247
MoS2_Mo56W4Se8S112_db23a470-36c5-49ed-8f24-042303774eff,f6b7472f-c8d2-442c-9619-ef0466d2dbd3,-1274.70016003,-1.8483132,0.04820000000000002,-1.5418,-1.59,-63.3459
MoS2_Mo56W4Se8S112_3b3733f7-cc78-4bc5-a621-10d748474a17,f6b7472f-c8d2-442c-9619-ef0466d2dbd3,-1278.84256233,-1.84725306,0.07069999999999999,-1.5611,-1.6318,-63.4201
MoS2_Mo56W4Se8S112_0a0097da-b4be-41b0-9ae7-aa9193ab9ad2,f6b7472f-c8d2-442c-9619-ef0466d2dbd3,-1278.01609089,-1.85459072,0.12969999999999993,-1.5042,-1.6339,-63.3916
MoS2_Mo56W4Se8S112_16fba26c-972f-4253-a897-ce22941a0a2f,f6b7472f-c8d2-442c-9619-ef0466d2dbd3,-1280.85207896,-1.84623955,0.08010000000000006,-1.5138,-1.5939,-63.3735
MoS2_Mo56W4Se8S112_d22abda0-4c71-4450-9694-5c2d7ad07b15,f6b7472f-c8d2-442c-9619-ef0466d2dbd3,-1282.29093731,-1.78534471,0.09939999999999993,-1.4713,-1.5707,-63.3583
MoS2_Mo56W4Se8S112_150dbbb5-6c65-4b9b-9cef-f8fc7861e396,f6b7472f-c8d2-442c-9619-ef0466d2dbd3,-1274.4934484,-1.79000443,0.014000000000000012,-1.5039,-1.5179,-63.5502
MoS2_Mo56W4Se8S112_cd02d5f6-a0ee-4eea-a485-5c5026b0f76f,f6b7472f-c8d2-442c-9619-ef0466d2dbd3,-1278.35234695,-1.86461636,0.09779999999999989,-1.5736,-1.6714,-63.3018
MoS2_Mo56W4Se8S112_51038873-f6fe-4245-864a-2865146b0dbb,f6b7472f-c8d2-442c-9619-ef0466d2dbd3,-1279.35151507,-1.86172141,0.06709999999999994,-1.562,-1.6291,-63.3489
MoS2_Mo56W4Se8S112_0437f58e-6545-4a2b-b40a-7036e48c865c,f6b7472f-c8d2-442c-9619-ef0466d2dbd3,-1275.03657758,-1.86307908,0.0596000000000001,-1.5552,-1.6148,-63.3617
MoS2_Mo56W4Se8S112_842e5cf0-c6aa-4bbb-a800-47ec7eccff22,f6b7472f-c8d2-442c-9619-ef0466d2dbd3,-1280.83195777,-1.85711247,0.07529999999999992,-1.522,-1.5973,-63.3184
MoS2_Mo56W4Se8S112_e1319b3d-edfa-46ec-8424-eea3791d7f77,f6b7472f-c8d2-442c-9619-ef0466d2dbd3,-1276.83092652,-1.84688734,0.12749999999999995,-1.4997,-1.6272,-63.3873
MoS2_Mo56W4Se8S112_f8a4c564-d25d-45bd-8f3a-2202a1863cde,f6b7472f-c8d2-442c-9619-ef0466d2dbd3,-1277.10658297,-1.86538908,0.06699999999999995,-1.5426,-1.6096,-63.4759
MoS2_Mo56W4Se8S112_b3488b87-6a9f-4049-9e48-47c44327c101,f6b7472f-c8d2-442c-9619-ef0466d2dbd3,-1275.97581972,-1.91878282,0.06879999999999997,-1.6007,-1.6695,-63.4555
MoS2_Mo56W4Se8S112_c24702b0-150e-47d0-89c3-6f2b8b4d3798,f6b7472f-c8d2-442c-9619-ef0466d2dbd3,-1274.38643598,-1.85485311,0.07330000000000014,-1.5068,-1.5801,-63.4756
MoS2_Mo56W4Se8S112_51f5e3a7-6d9a-44c7-a9ae-81d71eb0be7b,f6b7472f-c8d2-442c-9619-ef0466d2dbd3,-1277.40723204,-1.85092925,0.0636000000000001,-1.5631,-1.6267,-63.4023
MoS2_Mo56W4Se8S112_9a505cf8-52ad-443b-ae19-9d9592b14dd5,f6b7472f-c8d2-442c-9619-ef0466d2dbd3,-1276.33579426,-1.78502395,0.06389999999999985,-1.4831,-1.547,-63.4836
MoS2_Mo56W4Se8S112_c8691943-0ad0-4b5a-82dc-32b809b03020,f6b7472f-c8d2-442c-9619-ef0466d2dbd3,-1280.02583587,-1.97218176,0.03600000000000003,-1.6687,-1.7047,-63.4147
MoS2_Mo56W4Se8S112_bbee3180-fe7e-46db-b095-2329dfd3011f,f6b7472f-c8d2-442c-9619-ef0466d2dbd3,-1273.73027212,-1.80909818,0.022699999999999942,-1.5295,-1.5522,-63.3623
MoS2_Mo56W4Se8S112_c7520f84-ad8c-49d1-9e4b-8696e59fc445,f6b7472f-c8d2-442c-9619-ef0466d2dbd3,-1276.73271506,-1.86588674,0.05610000000000004,-1.549,-1.6051,-63.4826
MoS2_Mo56W4Se8S112_2eeb8893-d583-4552-97a6-bdfffec84276,f6b7472f-c8d2-442c-9619-ef0466d2dbd3,-1279.84572333,-1.75974343,0.06319999999999992,-1.4696,-1.5328,-63.383
MoS2_Mo56W4Se8S112_a0fd15a0-de77-44e9-9262-2095f870cf28,f6b7472f-c8d2-442c-9619-ef0466d2dbd3,-1279.10094816,-1.89691288,0.08639999999999981,-1.5838,-1.6702,-63.2867
MoS2_Mo56W4Se8S112_81277bea-2424-4f4d-9cd8-6d208626c851,f6b7472f-c8d2-442c-9619-ef0466d2dbd3,-1276.41512255,-1.79964615,0.06299999999999994,-1.4641,-1.5271,-63.3189
MoS2_Mo56W4Se8S112_24a72530-aa36-449d-aba5-d0666ea546ce,f6b7472f-c8d2-442c-9619-ef0466d2dbd3,-1275.76625555,-1.7483041,0.030899999999999928,-1.4729,-1.5038,-63.3196
MoS2_Mo56W4Se8S112_076dcfe1-aaa8-48db-9bb0-53f5bc8de9dd,f6b7472f-c8d2-442c-9619-ef0466d2dbd3,-1277.31088251,-1.89120909,0.057800000000000074,-1.5914,-1.6492,-63.7045
MoS2_Mo56W4Se8S112_8ec276b3-2d33-4e49-b416-c759b004cd53,f6b7472f-c8d2-442c-9619-ef0466d2dbd3,-1283.97433975,-1.91960003,0.19300000000000006,-1.5507,-1.7437,-63.3384
MoS2_Mo56W4Se8S112_39742825-b668-4e35-9580-eb5fc198182d,f6b7472f-c8d2-442c-9619-ef0466d2dbd3,-1275.58668,-1.85250656,0.0676000000000001,-1.543,-1.6106,-63.3514
MoS2_Mo56W4Se8S112_fd513f48-d881-424a-b1ee-d5ee17771f5c,f6b7472f-c8d2-442c-9619-ef0466d2dbd3,-1281.51754001,-1.79578054,0.05459999999999998,-1.485,-1.5396,-63.4875
MoS2_Mo56W4Se8S112_7f2134a7-5b16-45a1-be82-d74a74afdca6,f6b7472f-c8d2-442c-9619-ef0466d2dbd3,-1276.09562192,-1.86602278,0.04399999999999982,-1.5637,-1.6077,-63.5296
MoS2_Mo56W4Se8S112_3b9d2bad-b893-44ba-9e65-b3d50abbad79,f6b7472f-c8d2-442c-9619-ef0466d2dbd3,-1279.18021359,-1.84753044,0.1956,-1.5467,-1.7423,-63.4076
MoS2_Mo56W4Se8S112_0c1b8bd3-3702-4366-a2b0-60f8b27d00d1,f6b7472f-c8d2-442c-9619-ef0466d2dbd3,-1281.76286758,-1.73757521,0.22099999999999986,-1.2672,-1.4882,-63.4341
MoS2_Mo56W4Se8S112_638bcb3c-077b-4e5a-9ed5-2a6658996ad6,f6b7472f-c8d2-442c-9619-ef0466d2dbd3,-1279.11657149,-1.80811974,0.039200000000000124,-1.4964,-1.5356,-63.4599
MoS2_Mo56W4Se8S112_91535466-e026-4dcf-a093-39d29dd0f7e5,f6b7472f-c8d2-442c-9619-ef0466d2dbd3,-1278.24486633,-1.75961761,0.01760000000000006,-1.4721,-1.4897,-63.5608
MoS2_Mo56W4Se8S112_a22f9996-88a4-4659-826c-cb57f2b1a134,f6b7472f-c8d2-442c-9619-ef0466d2dbd3,-1276.23514604,-1.93769666,0.037800000000000056,-1.655,-1.6928,-63.4649
MoS2_Mo56W4Se8S112_ecdeba6c-f69f-4d91-a916-01bbfaf37615,f6b7472f-c8d2-442c-9619-ef0466d2dbd3,-1275.53943038,-1.68835266,0.03320000000000012,-1.4062,-1.4394,-63.594
MoS2_Mo56W4Se8S112_f08a5ada-330f-4759-bfac-fa3df0e8b7cc,f6b7472f-c8d2-442c-9619-ef0466d2dbd3,-1277.21222751,-1.79713217,0.0815999999999999,-1.5091,-1.5907,-63.7284
MoS2_Mo56W4Se8S112_1daa5485-0771-46c1-a5cc-b74234b02ef4,f6b7472f-c8d2-442c-9619-ef0466d2dbd3,-1282.90289153,-1.85011784,0.08610000000000007,-1.5084,-1.5945,-63.3892
MoS2_Mo56W4Se8S112_17056057-d847-413a-a52f-9ab9a9832c87,f6b7472f-c8d2-442c-9619-ef0466d2dbd3,-1276.50523531,-1.80558926,0.04129999999999989,-1.508,-1.5493,-63.682
MoS2_Mo56W4Se8S112_32a4dc5d-5268-4607-92ab-dc673dcde176,f6b7472f-c8d2-442c-9619-ef0466d2dbd3,-1277.57551678,-1.82400651,0.035399999999999876,-1.5199,-1.5553,-63.3444
MoS2_Mo56W4Se8S112_641756b6-4c2f-4ccb-a684-c2167bf3eae5,f6b7472f-c8d2-442c-9619-ef0466d2dbd3,-1274.62641988,-1.81397259,0.059700000000000086,-1.4924,-1.5521,-63.4775
MoS2_Mo56W4Se8S112_c7d1c368-3db6-4e24-b40b-119174abd71f,f6b7472f-c8d2-442c-9619-ef0466d2dbd3,-1277.1564492,-1.85722721,0.0898000000000001,-1.5064,-1.5962,-63.6685
MoS2_Mo56W4Se8S112_746d33d2-69b6-420a-ab3d-5b3a0331c6e8,f6b7472f-c8d2-442c-9619-ef0466d2dbd3,-1278.86611006,-1.90081716,0.07010000000000005,-1.5761,-1.6462,-63.3665
MoS2_Mo56W4Se8S112_a3d55ab9-39c4-4812-b557-fdde99a2251a,f6b7472f-c8d2-442c-9619-ef0466d2dbd3,-1274.21774996,-1.85967906,0.06869999999999998,-1.5768,-1.6455,-63.4049
MoS2_Mo56W4Se8S112_47c2a78e-ea50-462d-8bca-16612bf5aa05,f6b7472f-c8d2-442c-9619-ef0466d2dbd3,-1274.25745074,-1.93771807,0.043400000000000105,-1.6602,-1.7036,-63.4436
MoS2_Mo56W4Se8S112_c48966a8-cdce-4ea7-a017-76b43ef83cb0,f6b7472f-c8d2-442c-9619-ef0466d2dbd3,-1277.13438165,-1.8157536,0.10040000000000004,-1.441,-1.5414,-63.3291
MoS2_Mo56W4Se8S112_f724488e-8c07-47a6-a996-51c75cae88f7,f6b7472f-c8d2-442c-9619-ef0466d2dbd3,-1275.40330606,-1.80364762,0.019300000000000095,-1.5125,-1.5318,-63.4933
MoS2_Mo56W4Se8S112_f1c123cd-567d-41ce-bded-aeb47b816e13,f6b7472f-c8d2-442c-9619-ef0466d2dbd3,-1276.99315741,-1.81988513,0.05169999999999986,-1.5435,-1.5952,-63.4049
MoS2_Mo56W4Se8S112_20934ac3-2e73-422e-b59a-a2f764d208f7,f6b7472f-c8d2-442c-9619-ef0466d2dbd3,-1273.3371648,-1.89443337,0.053300000000000125,-1.5709,-1.6242,-63.3215
MoS2_Mo56W4Se8S112_4738402c-0172-470a-97f4-c335c6acf17a,f6b7472f-c8d2-442c-9619-ef0466d2dbd3,-1279.66482119,-1.76976939,0.1008,-1.4207,-1.5215,-63.483
MoS2_Mo56W4Se8S112_cc04caf6-689d-4740-bbbf-e1af7c16d0a0,f6b7472f-c8d2-442c-9619-ef0466d2dbd3,-1279.00836479,-1.79827221,0.0343,-1.4985,-1.5328,-63.3017
MoS2_Mo56W4Se8S112_9f17f048-b669-4104-9167-e638c3bbc0ff,f6b7472f-c8d2-442c-9619-ef0466d2dbd3,-1276.03970805,-1.85251069,0.09220000000000006,-1.5767,-1.6689,-63.3726
MoS2_Mo56W4Se8S112_a6cb8a91-3202-424a-a731-33baa64fd06f,f6b7472f-c8d2-442c-9619-ef0466d2dbd3,-1276.97265358,-1.85394029,0.022199999999999998,-1.5674,-1.5896,-63.4024
MoS2_Mo56W4Se8S112_d323294f-ca1a-43cf-b3c8-2815f2c8162e,f6b7472f-c8d2-442c-9619-ef0466d2dbd3,-1278.74924386,-1.86059919,0.0676000000000001,-1.5673,-1.6349,-63.35
MoS2_Mo56W4Se8S112_db491070-75fd-489b-af5b-67043943d54c,f6b7472f-c8d2-442c-9619-ef0466d2dbd3,-1275.03825322,-1.8640022,0.02929999999999988,-1.5741,-1.6034,-63.3527
MoS2_Mo56W4Se8S112_ae7c47f6-c9ec-4d4a-80e6-177dd7a00b28,f6b7472f-c8d2-442c-9619-ef0466d2dbd3,-1275.79598155,-1.85922593,0.05950000000000011,-1.5568,-1.6163,-63.5886
MoS2_Mo56W4Se8S112_80c1c6d4-5b85-4fd0-8af8-67df24957169,f6b7472f-c8d2-442c-9619-ef0466d2dbd3,-1276.43836898,-1.81580025,0.03310000000000013,-1.5351,-1.5682,-63.6958
MoS2_Mo56W4Se8S112_6f098f19-a49f-4eb8-a21f-9b41c1556e70,f6b7472f-c8d2-442c-9619-ef0466d2dbd3,-1278.43134814,-1.80667806,0.12229999999999985,-1.5136,-1.6359,-63.3768
MoS2_Mo56W4Se8S112_617a7aaa-193c-432d-ab8f-096b26aa0625,f6b7472f-c8d2-442c-9619-ef0466d2dbd3,-1278.76726148,-1.79513471,0.10299999999999998,-1.4537,-1.5567,-63.4946
MoS2_Mo56W4Se8S112_2ae1578f-e55a-40a1-9c52-0a84fb660ef9,f6b7472f-c8d2-442c-9619-ef0466d2dbd3,-1280.42264894,-1.84023345,0.06889999999999996,-1.5086,-1.5775,-63.387
MoS2_Mo56W4Se8S112_ea440346-ff46-46ee-b969-d2f4f0d8c934,f6b7472f-c8d2-442c-9619-ef0466d2dbd3,-1276.74949257,-1.76745521,0.05699999999999994,-1.469,-1.526,-63.5024
MoS2_Mo56W4Se8S112_ec7d2180-9fa9-433f-b06e-6179343ea064,f6b7472f-c8d2-442c-9619-ef0466d2dbd3,-1273.47183464,-1.87454982,0.06979999999999986,-1.566,-1.6358,-63.4787
MoS2_Mo56W4Se8S112_347fa841-1f27-46b8-857a-8968015fb7b2,f6b7472f-c8d2-442c-9619-ef0466d2dbd3,-1277.18051417,-1.84459387,0.06120000000000014,-1.5393,-1.6005,-63.3394
MoS2_Mo56W4Se8S112_46fc57c3-dc25-4119-973c-ba464abbdfab,f6b7472f-c8d2-442c-9619-ef0466d2dbd3,-1277.73100629,-1.8755432,0.1059000000000001,-1.4983,-1.6042,-63.519
MoS2_Mo56W4Se8S112_b9ac74d9-367f-400b-b141-71b10700174c,f6b7472f-c8d2-442c-9619-ef0466d2dbd3,-1275.99667756,-1.85955159,0.03530000000000011,-1.5514,-1.5867,-63.3661
MoS2_Mo56W4Se8S112_722d9a51-de0a-4654-ad83-645859a749a1,f6b7472f-c8d2-442c-9619-ef0466d2dbd3,-1277.50830162,-1.7880229,0.06199999999999983,-1.4991,-1.5611,-63.4
MoS2_Mo56W4Se8S112_fcfeec86-630a-47fb-b433-70725b3b42bf,f6b7472f-c8d2-442c-9619-ef0466d2dbd3,-1281.83486285,-1.87316732,0.15989999999999993,-1.4414,-1.6013,-63.3783
